iteration,mechanism,missing_rate,method,outcome,bias,mse,covered,n_effective
0,MCAR,0.1,Complete Case,0,0.01926386537869873,0.00037109650932862757,1,25
0,MCAR,0.1,Complete Case,1,0.0034698058147429878,1.2039552392024249e-05,1,25
1,MCAR,0.1,Complete Case,0,-0.10754839452636661,0.011566657165199003,1,24
1,MCAR,0.1,Complete Case,1,-0.133286161992137,0.017765200978594187,1,24
2,MCAR,0.1,Complete Case,0,0.06162312325510233,0.0037974093197135337,1,24
2,MCAR,0.1,Complete Case,1,-0.02087566188033002,0.00043579325894186396,1,24
3,MCAR,0.1,Complete Case,0,-0.025247520234242926,0.000637437277978506,1,24
3,MCAR,0.1,Complete Case,1,0.027517563263934952,0.0007572162879846624,1,24
4,MCAR,0.1,Complete Case,0,-0.10285399066938128,0.010578943396617172,1,24
4,MCAR,0.1,Complete Case,1,-0.07048347484730022,0.0049679202265500025,1,24
5,MCAR,0.1,Complete Case,0,-0.07122415116846492,0.005072879709668343,1,24
5,MCAR,0.1,Complete Case,1,-0.16013020471483136,0.025641682462013798,1,24
6,MCAR,0.1,Complete Case,0,0.06685717033400429,0.0044698812250700635,1,25
6,MCAR,0.1,Complete Case,1,-0.11615349327714417,0.013491634000483576,1,25
7,MCAR,0.1,Complete Case,0,0.08396509392127982,0.007050136997209341,1,24
7,MCAR,0.1,Complete Case,1,-0.05485542539142135,0.0030091176948737943,1,24
8,MCAR,0.1,Complete Case,0,-0.07582877207619027,0.005750002674582812,1,24
8,MCAR,0.1,Complete Case,1,-0.061605611532209614,0.003795251372257518,1,24
9,MCAR,0.1,Complete Case,0,0.1062445871896347,0.01128791230709589,1,25
9,MCAR,0.1,Complete Case,1,0.04349621133746373,0.0018919204007133083,1,25
10,MCAR,0.1,Complete Case,0,-0.14948849015552584,0.02234680868897875,1,24
10,MCAR,0.1,Complete Case,1,0.008178049500052575,6.688049362531018e-05,1,24
11,MCAR,0.1,Complete Case,0,0.03463971559007217,0.0011999098961610892,1,24
11,MCAR,0.1,Complete Case,1,0.06777627216804033,0.004593623068996278,1,24
12,MCAR,0.1,Complete Case,0,0.002216546457247781,4.9130781971376895e-06,1,24
12,MCAR,0.1,Complete Case,1,-0.127453749645866,0.01624445829879109,1,24
13,MCAR,0.1,Complete Case,0,0.0005663623351928049,3.2076629472504706e-07,1,24
13,MCAR,0.1,Complete Case,1,-0.02188533736588877,0.00047896799161876714,1,24
14,MCAR,0.1,Complete Case,0,0.034196077999800734,0.0011693717505684557,1,24
14,MCAR,0.1,Complete Case,1,0.06920454719666119,0.004789269352694907,1,24
15,MCAR,0.1,Complete Case,0,-0.06839912947960997,0.004678440913568449,1,24
15,MCAR,0.1,Complete Case,1,0.13539030848908246,0.018330535632768912,1,24
16,MCAR,0.1,Complete Case,0,-0.06384296502708281,0.004075924183449319,1,25
16,MCAR,0.1,Complete Case,1,0.019711237148438476,0.000388532869921981,1,25
17,MCAR,0.1,Complete Case,0,-0.14360078981807034,0.020621186836373616,1,24
17,MCAR,0.1,Complete Case,1,-0.03972313736195637,0.0015779276418768544,1,24
18,MCAR,0.1,Complete Case,0,0.01151687742539187,0.00013263846563150086,1,25
18,MCAR,0.1,Complete Case,1,-0.045632021423731794,0.0020822813792159174,1,25
19,MCAR,0.1,Complete Case,0,0.050026263753968125,0.002502627065181585,1,24
19,MCAR,0.1,Complete Case,1,0.0429735786756939,0.0018467284641960537,1,24
20,MCAR,0.1,Complete Case,0,0.12977722313137652,0.01684212764369109,1,26
20,MCAR,0.1,Complete Case,1,0.07125541497836141,0.005077334163738492,1,26
21,MCAR,0.1,Complete Case,0,-0.09565732972896257,0.009150324730875466,1,24
21,MCAR,0.1,Complete Case,1,-0.06631548766904313,0.0043977439047830115,1,24
22,MCAR,0.1,Complete Case,0,-0.0860881738166267,0.007411173671081731,1,24
22,MCAR,0.1,Complete Case,1,-0.13700143362558398,0.018769392815465292,1,24
23,MCAR,0.1,Complete Case,0,-0.049199168283824146,0.002420558159820048,1,24
23,MCAR,0.1,Complete Case,1,0.01947993120842839,0.0003794677198851024,1,24
24,MCAR,0.1,Complete Case,0,-0.021359354751104342,0.00045622203538352364,1,24
24,MCAR,0.1,Complete Case,1,-0.12175856416711087,0.014825147948036453,1,24
25,MCAR,0.1,Complete Case,0,-0.14266719338641115,0.020353928068755637,1,24
25,MCAR,0.1,Complete Case,1,-0.038399626716827395,0.0014745313319916842,1,24
26,MCAR,0.1,Complete Case,0,-0.05860070940612999,0.003434043142901692,1,24
26,MCAR,0.1,Complete Case,1,0.007846351544108843,6.156523255373922e-05,1,24
27,MCAR,0.1,Complete Case,0,-0.15816100859196186,0.025014904638826635,1,24
27,MCAR,0.1,Complete Case,1,0.0552347139038008,0.0030508736200347258,1,24
28,MCAR,0.1,Complete Case,0,-0.09867663131728183,0.009737077568126765,1,24
28,MCAR,0.1,Complete Case,1,-0.2424478428762512,0.05878095651534739,0,24
29,MCAR,0.1,Complete Case,0,0.032684232174299166,0.0010682590328234928,1,24
29,MCAR,0.1,Complete Case,1,0.10614198076395615,0.011266120080496036,1,24
30,MCAR,0.1,Complete Case,0,0.19061458845307655,0.03633392133113574,0,24
30,MCAR,0.1,Complete Case,1,0.12604819396792288,0.01588814720257511,1,24
31,MCAR,0.1,Complete Case,0,0.09646981331276816,0.009306424880600342,1,24
31,MCAR,0.1,Complete Case,1,0.036038906970078166,0.0012988028155979487,1,24
32,MCAR,0.1,Complete Case,0,-0.07604045397954295,0.00578215064141499,1,24
32,MCAR,0.1,Complete Case,1,-0.13605962995752388,0.01851222290417833,1,24
33,MCAR,0.1,Complete Case,0,0.017666949451611957,0.000312121102925812,1,25
33,MCAR,0.1,Complete Case,1,-0.021243568571894078,0.0004512892056687658,1,25
34,MCAR,0.1,Complete Case,0,-0.10183558317355779,0.010370486000298607,1,24
34,MCAR,0.1,Complete Case,1,-0.06511324962825552,0.004239735277151517,1,24
35,MCAR,0.1,Complete Case,0,-0.055298997940573746,0.0030579791732315794,1,24
35,MCAR,0.1,Complete Case,1,-0.009859112094142142,9.720209128485985e-05,1,24
36,MCAR,0.1,Complete Case,0,0.015952407114934286,0.000254479292760606,1,24
36,MCAR,0.1,Complete Case,1,-0.05793909316297932,0.0033569385165483972,1,24
37,MCAR,0.1,Complete Case,0,-0.0024980760159212245,6.240383781320858e-06,1,24
37,MCAR,0.1,Complete Case,1,0.0058136076003830195,3.379803333123121e-05,1,24
38,MCAR,0.1,Complete Case,0,0.05313047283447203,0.0028228471436145706,1,24
38,MCAR,0.1,Complete Case,1,0.1648255871988692,0.027167474195452034,0,24
39,MCAR,0.1,Complete Case,0,0.049541120072349565,0.002454322578022957,1,24
39,MCAR,0.1,Complete Case,1,0.018832020028253516,0.00035464497834454154,1,24
40,MCAR,0.1,Complete Case,0,0.137126398212031,0.018803649086604497,1,24
40,MCAR,0.1,Complete Case,1,0.16801220739404132,0.028228101833418354,1,24
41,MCAR,0.1,Complete Case,0,-0.04081651924705243,0.0016659882434450013,1,24
41,MCAR,0.1,Complete Case,1,-0.05956175943895531,0.0035476031874639817,1,24
42,MCAR,0.1,Complete Case,0,-0.04495991357430518,0.002021393828608991,1,24
42,MCAR,0.1,Complete Case,1,-0.036554460416467704,0.0013362285763391043,1,24
43,MCAR,0.1,Complete Case,0,0.0756549714070569,0.005723674698602597,1,25
43,MCAR,0.1,Complete Case,1,-0.09172900208642307,0.008414209823771007,1,25
44,MCAR,0.1,Complete Case,0,-0.014687625496903778,0.00021572634273729795,1,24
44,MCAR,0.1,Complete Case,1,-0.0852839715922458,0.007273355810546988,1,24
45,MCAR,0.1,Complete Case,0,-0.03991721836484069,0.0015933843219863748,1,24
45,MCAR,0.1,Complete Case,1,-0.0889960588281885,0.007920298486950389,1,24
46,MCAR,0.1,Complete Case,0,-0.0019668005482929574,3.868304396765477e-06,1,24
46,MCAR,0.1,Complete Case,1,0.06863176043437136,0.004710318540320941,1,24
47,MCAR,0.1,Complete Case,0,0.050726745959233877,0.0025732027556126503,1,24
47,MCAR,0.1,Complete Case,1,0.05658153778292957,0.0032014704178810866,1,24
48,MCAR,0.1,Complete Case,0,-0.04858478889286311,0.002360481711764074,1,24
48,MCAR,0.1,Complete Case,1,0.04329034030864948,0.0018740535640386817,1,24
49,MCAR,0.1,Complete Case,0,0.021334316307988654,0.00045515305232931067,1,24
49,MCAR,0.1,Complete Case,1,0.037594308216755024,0.0014133320102963742,1,24
50,MCAR,0.1,Complete Case,0,0.18874805483589974,0.03562582820433582,0,24
50,MCAR,0.1,Complete Case,1,0.15126809184798112,0.022882035611329253,1,24
51,MCAR,0.1,Complete Case,0,0.09127769083894721,0.008331616844890428,1,24
51,MCAR,0.1,Complete Case,1,0.21141462765111368,0.044696144784859046,0,24
52,MCAR,0.1,Complete Case,0,0.09065488615901807,0.008218308384504526,1,24
52,MCAR,0.1,Complete Case,1,0.09934111111876365,0.009868656358310546,1,24
53,MCAR,0.1,Complete Case,0,0.015229398150014894,0.0002319345680116771,1,24
53,MCAR,0.1,Complete Case,1,-0.099950445498592,0.00999009155536701,1,24
54,MCAR,0.1,Complete Case,0,0.12545735154656623,0.015739547057078706,1,24
54,MCAR,0.1,Complete Case,1,0.2235617323469518,0.04997984816997012,1,24
55,MCAR,0.1,Complete Case,0,-0.09881298270556677,0.009764005551170636,1,24
55,MCAR,0.1,Complete Case,1,-0.05624322447734001,0.0031633002996084582,1,24
56,MCAR,0.1,Complete Case,0,-0.09727339213656971,0.009462112817754862,1,24
56,MCAR,0.1,Complete Case,1,-0.07839929252257932,0.006146449068040962,1,24
57,MCAR,0.1,Complete Case,0,-0.10256569652382319,0.010519722103416996,1,24
57,MCAR,0.1,Complete Case,1,-0.0791270183609109,0.006261085034687932,1,24
58,MCAR,0.1,Complete Case,0,0.013634011845506389,0.00018588627900340853,1,24
58,MCAR,0.1,Complete Case,1,-0.10273274995766185,0.010554017913863472,1,24
59,MCAR,0.1,Complete Case,0,0.10330164627912286,0.010671230123977018,1,24
59,MCAR,0.1,Complete Case,1,0.17131114276302462,0.029347507634773402,1,24
60,MCAR,0.1,Complete Case,0,0.22878817695558729,0.05234402991466112,0,24
60,MCAR,0.1,Complete Case,1,0.18808824789930279,0.03537718899782958,0,24
61,MCAR,0.1,Complete Case,0,-0.00030767665546443945,9.466492431778339e-08,1,24
61,MCAR,0.1,Complete Case,1,0.10064591636738729,0.010129600481431116,1,24
62,MCAR,0.1,Complete Case,0,0.14470214158625716,0.020938709779649213,1,24
62,MCAR,0.1,Complete Case,1,0.027899876159100112,0.0007784030896931228,1,24
63,MCAR,0.1,Complete Case,0,0.04115223728035966,0.0016935066331790235,1,24
63,MCAR,0.1,Complete Case,1,0.027322385159283202,0.000746512730792219,1,24
64,MCAR,0.1,Complete Case,0,0.07670127100722768,0.005883084974124185,1,24
64,MCAR,0.1,Complete Case,1,-0.00554968952745416,3.079905385113438e-05,1,24
65,MCAR,0.1,Complete Case,0,0.06833885535250006,0.004670199150889926,1,24
65,MCAR,0.1,Complete Case,1,-0.008478896271936265,7.18916819902547e-05,1,24
66,MCAR,0.1,Complete Case,0,-0.03113599614710827,0.000969450256072741,1,24
66,MCAR,0.1,Complete Case,1,-0.08588117822589236,0.007375576773467489,1,24
67,MCAR,0.1,Complete Case,0,0.11646993548561557,0.013565245872023454,1,24
67,MCAR,0.1,Complete Case,1,0.2880177334758394,0.08295421479655968,0,24
68,MCAR,0.1,Complete Case,0,0.022753935344238196,0.0005177415736497722,1,24
68,MCAR,0.1,Complete Case,1,-0.005935080724713826,3.522518320886959e-05,1,24
69,MCAR,0.1,Complete Case,0,-0.027516891598976023,0.0007571793232697973,1,24
69,MCAR,0.1,Complete Case,1,-0.04056396890585506,0.0016454355733951764,1,24
70,MCAR,0.1,Complete Case,0,-0.1078565056534696,0.01163302581177692,1,24
70,MCAR,0.1,Complete Case,1,-0.03446801573578129,0.0011880441087620665,1,24
71,MCAR,0.1,Complete Case,0,-0.024897570864086893,0.0006198890349322285,1,25
71,MCAR,0.1,Complete Case,1,0.056554979543970874,0.003198465711218964,1,25
72,MCAR,0.1,Complete Case,0,0.15408808373718574,0.023743137549797965,1,24
72,MCAR,0.1,Complete Case,1,0.10855401302246082,0.011783973743280593,1,24
73,MCAR,0.1,Complete Case,0,0.06541247875164691,0.004278792376434658,1,25
73,MCAR,0.1,Complete Case,1,-0.020656366284544037,0.0004266854680812476,1,25
74,MCAR,0.1,Complete Case,0,0.04636596774956381,0.002149802965353591,1,24
74,MCAR,0.1,Complete Case,1,0.007280337655173885,5.300331637334279e-05,1,24
75,MCAR,0.1,Complete Case,0,0.06638267917647478,0.004406660094646778,1,25
75,MCAR,0.1,Complete Case,1,0.04407368516119908,0.0019424897236885003,1,25
76,MCAR,0.1,Complete Case,0,0.016046816276242493,0.000257500312603481,1,24
76,MCAR,0.1,Complete Case,1,-0.15774809657338415,0.024884461972525734,1,24
77,MCAR,0.1,Complete Case,0,-0.017149923497114306,0.00029411987595687336,1,25
77,MCAR,0.1,Complete Case,1,0.0038831959789150106,1.5079211010661707e-05,1,25
78,MCAR,0.1,Complete Case,0,-0.08376923801530495,0.007017285237664811,1,24
78,MCAR,0.1,Complete Case,1,-0.041624754851236956,0.0017326202164255745,1,24
79,MCAR,0.1,Complete Case,0,0.11612263289668312,0.013484465870857833,1,24
79,MCAR,0.1,Complete Case,1,0.18602494062208197,0.03460527853344912,0,24
80,MCAR,0.1,Complete Case,0,0.1055276857384192,0.011136092457306563,1,24
80,MCAR,0.1,Complete Case,1,0.17291232567226805,0.02989867236939249,1,24
81,MCAR,0.1,Complete Case,0,0.002728734589603099,7.445992460496393e-06,1,24
81,MCAR,0.1,Complete Case,1,0.006219938446351769,3.868763427640486e-05,1,24
82,MCAR,0.1,Complete Case,0,-0.029353670171443913,0.0008616379525339162,1,24
82,MCAR,0.1,Complete Case,1,0.18347397424173062,0.03366269922405523,0,24
83,MCAR,0.1,Complete Case,0,0.22810043809027503,0.05202980985697539,0,24
83,MCAR,0.1,Complete Case,1,0.2123112751113138,0.04507607753939198,0,24
84,MCAR,0.1,Complete Case,0,-0.1063653044797278,0.011313577997065205,1,24
84,MCAR,0.1,Complete Case,1,0.03401508767115646,0.0011570261892764604,1,24
85,MCAR,0.1,Complete Case,0,-0.23145405509363148,0.0535709796192858,0,24
85,MCAR,0.1,Complete Case,1,-0.09461893405211402,0.008952742681158303,1,24
86,MCAR,0.1,Complete Case,0,0.0851630181552182,0.007252739661306026,1,24
86,MCAR,0.1,Complete Case,1,-0.057540331655303256,0.003310889767002294,1,24
87,MCAR,0.1,Complete Case,0,0.018992142112247423,0.000360701462011802,1,24
87,MCAR,0.1,Complete Case,1,0.02357908297878103,0.0005559731541202413,1,24
88,MCAR,0.1,Complete Case,0,0.1150769741335037,0.01324270997572308,1,25
88,MCAR,0.1,Complete Case,1,0.09396424479734539,0.00882927930033545,1,25
89,MCAR,0.1,Complete Case,0,0.02115955365539468,0.0004477267108955264,1,24
89,MCAR,0.1,Complete Case,1,-0.08173698962279907,0.006680935472597563,1,24
90,MCAR,0.1,Complete Case,0,-0.18383403868374482,0.03379495377877659,1,24
90,MCAR,0.1,Complete Case,1,0.07945501517589237,0.006313099436601287,1,24
91,MCAR,0.1,Complete Case,0,-0.005861620520292654,3.4358595123915926e-05,1,25
91,MCAR,0.1,Complete Case,1,-0.12756609529652446,0.01627310866920196,1,25
92,MCAR,0.1,Complete Case,0,-0.04077802359876148,0.0016628472086211482,1,25
92,MCAR,0.1,Complete Case,1,-0.023831262811175313,0.0005679290871753074,1,25
93,MCAR,0.1,Complete Case,0,-0.13212040946019665,0.01745580259593002,1,24
93,MCAR,0.1,Complete Case,1,-0.02102432481239963,0.0004420222338172828,1,24
94,MCAR,0.1,Complete Case,0,0.08432280873573006,0.007110336073082513,1,25
94,MCAR,0.1,Complete Case,1,-0.04740045767929868,0.002246803388206985,1,25
95,MCAR,0.1,Complete Case,0,0.0024335676629868574,5.922251570335315e-06,1,24
95,MCAR,0.1,Complete Case,1,-0.1277257470456835,0.01631386645837793,1,24
96,MCAR,0.1,Complete Case,0,-0.08731031710252013,0.007623091472542619,1,25
96,MCAR,0.1,Complete Case,1,-0.03164961970177266,0.001001698427266836,1,25
97,MCAR,0.1,Complete Case,0,0.21736664790033322,0.047248259619427434,0,25
97,MCAR,0.1,Complete Case,1,0.12005144165028137,0.014412348642310911,1,25
98,MCAR,0.1,Complete Case,0,0.10665224518000505,0.011374701401935909,1,24
98,MCAR,0.1,Complete Case,1,-0.0922587286645565,0.00851167301480026,1,24
99,MCAR,0.1,Complete Case,0,-0.06367721413126887,0.004054787599519468,1,25
99,MCAR,0.1,Complete Case,1,-0.025526550904237166,0.0006516048010666113,1,25
0,MCAR,0.3,Complete Case,0,-0.0003154327922498812,9.94978464265567e-08,1,14
0,MCAR,0.3,Complete Case,1,0.15347535326980022,0.023554684061289976,1,14
1,MCAR,0.3,Complete Case,0,0.08243246913515279,0.006795111967717917,1,13
1,MCAR,0.3,Complete Case,1,-0.2752294404130788,0.07575124487009649,1,13
2,MCAR,0.3,Complete Case,0,-0.03285414124604924,0.0010793945970153538,1,16
2,MCAR,0.3,Complete Case,1,-0.03964966929220143,0.0015720962749809408,1,16
3,MCAR,0.3,Complete Case,0,0.17685194762240808,0.03127661137783897,1,16
3,MCAR,0.3,Complete Case,1,0.08675074672110428,0.007525692056669185,1,16
4,MCAR,0.3,Complete Case,0,-0.08637813479310674,0.007461182170336118,1,14
4,MCAR,0.3,Complete Case,1,-0.1351541585463647,0.018266646572375887,1,14
5,MCAR,0.3,Complete Case,0,0.17135518971336894,0.02936260104170466,1,15
5,MCAR,0.3,Complete Case,1,-0.009373901858265365,8.787003604839087e-05,1,15
6,MCAR,0.3,Complete Case,0,-0.1694100012880948,0.02869974853643228,1,16
6,MCAR,0.3,Complete Case,1,-0.07410180238859382,0.005491077117238208,1,16
7,MCAR,0.3,Complete Case,0,0.3053939376408814,0.09326545714780256,1,14
7,MCAR,0.3,Complete Case,1,0.14946020156773243,0.022338351852667207,1,14
8,MCAR,0.3,Complete Case,0,0.15111271683206018,0.022835053188366403,1,15
8,MCAR,0.3,Complete Case,1,-0.06855425301837753,0.004699685606907725,1,15
9,MCAR,0.3,Complete Case,0,0.2579664285819885,0.06654667827534616,0,15
9,MCAR,0.3,Complete Case,1,0.2030485106983531,0.04122869769681922,0,15
10,MCAR,0.3,Complete Case,0,0.03864631552546449,0.0014935377036937579,1,14
10,MCAR,0.3,Complete Case,1,0.0175288703860641,0.00030726129701143495,1,14
11,MCAR,0.3,Complete Case,0,0.004958158578162508,2.4583336486206464e-05,1,15
11,MCAR,0.3,Complete Case,1,-0.1467634643162743,0.021539514458114317,1,15
12,MCAR,0.3,Complete Case,0,0.13016920360076534,0.0169440215660575,1,15
12,MCAR,0.3,Complete Case,1,0.061985446602712546,0.003842195590537728,1,15
13,MCAR,0.3,Complete Case,0,0.003557382741358417,1.2654971968514725e-05,1,13
13,MCAR,0.3,Complete Case,1,0.012345008519182077,0.00015239923533867805,1,13
14,MCAR,0.3,Complete Case,0,-0.08329618213415274,0.006938253958125946,1,12
14,MCAR,0.3,Complete Case,1,-0.0701890150566235,0.004926497834618921,1,12
15,MCAR,0.3,Complete Case,0,-0.01843074093910274,0.00033969221156431777,1,15
15,MCAR,0.3,Complete Case,1,-0.0804524967809363,0.006472604238286566,1,15
16,MCAR,0.3,Complete Case,0,-0.041091262124470784,0.0016884918229819672,1,16
16,MCAR,0.3,Complete Case,1,-0.06994056804258614,0.004891683058119621,1,16
17,MCAR,0.3,Complete Case,0,0.07532886318119825,0.005674437628171685,1,13
17,MCAR,0.3,Complete Case,1,0.12270680016945479,0.01505695880782651,1,13
18,MCAR,0.3,Complete Case,0,-0.016420383554705875,0.0002696289960836552,1,17
18,MCAR,0.3,Complete Case,1,0.05997296331282459,0.003596756328521404,1,17
19,MCAR,0.3,Complete Case,0,-0.13504490144645404,0.018237125406682483,1,15
19,MCAR,0.3,Complete Case,1,0.040606880118731314,0.0016489187129770165,1,15
20,MCAR,0.3,Complete Case,0,0.06602743627254481,0.004359622340724967,1,16
20,MCAR,0.3,Complete Case,1,-0.21374457011657083,0.04568674125431767,1,16
21,MCAR,0.3,Complete Case,0,0.04043048230920998,0.0016346238997553412,1,14
21,MCAR,0.3,Complete Case,1,-0.07154669338689032,0.005118929334597695,1,14
22,MCAR,0.3,Complete Case,0,0.2656813332856043,0.07058657085641634,0,14
22,MCAR,0.3,Complete Case,1,0.028652991937264338,0.0008209939469569352,1,14
23,MCAR,0.3,Complete Case,0,-0.19090939250973277,0.03644639614843521,1,15
23,MCAR,0.3,Complete Case,1,-0.23510668017433217,0.055275151062595715,1,15
24,MCAR,0.3,Complete Case,0,-0.02460504293316146,0.0006054081377427186,1,16
24,MCAR,0.3,Complete Case,1,-0.05782044213716023,0.003343203528936694,1,16
25,MCAR,0.3,Complete Case,0,-0.10061852350906259,0.01012408727314378,1,14
25,MCAR,0.3,Complete Case,1,-0.043903181693400906,0.0019274893628037724,1,14
26,MCAR,0.3,Complete Case,0,-0.29047475567261094,0.08437558368306303,0,12
26,MCAR,0.3,Complete Case,1,-0.02128583178060034,0.00045308663459201544,1,12
27,MCAR,0.3,Complete Case,0,0.07768082665696185,0.006034310830108956,1,14
27,MCAR,0.3,Complete Case,1,0.19444360849637993,0.03780831688509347,1,14
28,MCAR,0.3,Complete Case,0,0.13960993663943733,0.019490934408467706,1,15
28,MCAR,0.3,Complete Case,1,0.22603289191832282,0.0510908682289602,1,15
29,MCAR,0.3,Complete Case,0,-0.011643260597675786,0.00013556551734538952,1,14
29,MCAR,0.3,Complete Case,1,-0.03879755023818565,0.0015052499044845395,1,14
30,MCAR,0.3,Complete Case,0,-0.04405311652352778,0.0019406770754355164,1,13
30,MCAR,0.3,Complete Case,1,-0.09239140493106537,0.00853617170513609,1,13
31,MCAR,0.3,Complete Case,0,0.08122580441173521,0.0065976313023334635,1,14
31,MCAR,0.3,Complete Case,1,-0.11611247252281784,0.013482106275362128,1,14
32,MCAR,0.3,Complete Case,0,-0.11534954646994883,0.013305517870822884,1,13
32,MCAR,0.3,Complete Case,1,-0.14759542713254628,0.02178441011043878,1,13
33,MCAR,0.3,Complete Case,0,-0.007992480929918833,6.387975141511621e-05,1,15
33,MCAR,0.3,Complete Case,1,-0.02287397744731351,0.0005232188442602071,1,15
34,MCAR,0.3,Complete Case,0,-0.027292100482921855,0.0007448587487699033,1,15
34,MCAR,0.3,Complete Case,1,-0.19459326530101656,0.037866538900511816,0,15
35,MCAR,0.3,Complete Case,0,-0.0450421022086962,0.002028790971378635,1,14
35,MCAR,0.3,Complete Case,1,0.06564116856523272,0.004308763010609297,1,14
36,MCAR,0.3,Complete Case,0,0.07431792971617901,0.005523154677298923,1,15
36,MCAR,0.3,Complete Case,1,-0.1410398568319371,0.01989224121517331,1,15
37,MCAR,0.3,Complete Case,0,0.03384691770811432,0.0011456138383398628,1,15
37,MCAR,0.3,Complete Case,1,-0.06027041251832577,0.0036325226251291594,1,15
38,MCAR,0.3,Complete Case,0,0.060779683893232184,0.0036941699741612276,1,16
38,MCAR,0.3,Complete Case,1,-0.22639583041230635,0.051255072028077775,0,16
39,MCAR,0.3,Complete Case,0,0.03335526013806733,0.0011125733788781436,1,15
39,MCAR,0.3,Complete Case,1,-0.0469113411949571,0.0022006739327096792,1,15
40,MCAR,0.3,Complete Case,0,0.09127066558525276,0.008330334396375044,1,16
40,MCAR,0.3,Complete Case,1,-0.0836142529641333,0.006991343298750075,1,16
41,MCAR,0.3,Complete Case,0,0.15335263822065504,0.023517031649235107,1,17
41,MCAR,0.3,Complete Case,1,0.22764375487340166,0.051821679132861384,1,17
42,MCAR,0.3,Complete Case,0,-0.005922443643351427,3.5075338708673724e-05,1,15
42,MCAR,0.3,Complete Case,1,-0.04880726875916952,0.002382149483729805,1,15
43,MCAR,0.3,Complete Case,0,-0.06120588141674427,0.003746159920000561,1,15
43,MCAR,0.3,Complete Case,1,-0.025321571597289094,0.0006411819881566378,1,15
44,MCAR,0.3,Complete Case,0,0.21241981913892172,0.04512217956301221,1,15
44,MCAR,0.3,Complete Case,1,-0.18143803257621383,0.03291975966512723,1,15
45,MCAR,0.3,Complete Case,0,0.11492692618063627,0.013208198361329419,1,17
45,MCAR,0.3,Complete Case,1,-0.058434163860843824,0.0034145515061159465,1,17
46,MCAR,0.3,Complete Case,0,-0.017371503933537258,0.0003017691489129004,1,14
46,MCAR,0.3,Complete Case,1,0.08591203116403473,0.0073808770987300746,1,14
47,MCAR,0.3,Complete Case,0,0.11326586322598897,0.01282915577232844,1,15
47,MCAR,0.3,Complete Case,1,0.014271481352168158,0.0002036751799852835,1,15
48,MCAR,0.3,Complete Case,0,-0.03688058201631539,0.001360177329862166,1,12
48,MCAR,0.3,Complete Case,1,-0.08109338048803374,0.006576136358977012,1,12
49,MCAR,0.3,Complete Case,0,0.14796527089894618,0.02189372139219853,1,14
49,MCAR,0.3,Complete Case,1,0.15160754655883463,0.022984848173589208,1,14
50,MCAR,0.3,Complete Case,0,0.04251339854119107,0.0018073890555221472,1,15
50,MCAR,0.3,Complete Case,1,0.12356514649400058,0.015268345428083823,1,15
51,MCAR,0.3,Complete Case,0,-0.26378401816301567,0.06958200823822618,1,13
51,MCAR,0.3,Complete Case,1,-0.17543441875243126,0.030777235283003405,1,13
52,MCAR,0.3,Complete Case,0,0.20205961251007099,0.04082808700772003,1,14
52,MCAR,0.3,Complete Case,1,0.11374715957630116,0.01293841631167652,1,14
53,MCAR,0.3,Complete Case,0,0.13385091222661116,0.017916066703895967,1,15
53,MCAR,0.3,Complete Case,1,0.06960432980578585,0.004844762727712608,1,15
54,MCAR,0.3,Complete Case,0,0.1048864627564492,0.011001170069560005,1,15
54,MCAR,0.3,Complete Case,1,0.11442636737975964,0.01309339355172772,1,15
55,MCAR,0.3,Complete Case,0,0.004220881735201076,1.781584262255405e-05,1,14
55,MCAR,0.3,Complete Case,1,0.021910060059477432,0.00048005073180990823,1,14
56,MCAR,0.3,Complete Case,0,-0.020854739480002993,0.0004349201587787955,1,14
56,MCAR,0.3,Complete Case,1,0.09717764079769492,0.00944349387100582,1,14
57,MCAR,0.3,Complete Case,0,-0.08679057399793538,0.007532603734891097,1,14
57,MCAR,0.3,Complete Case,1,-0.012451097489048935,0.0001550298286818007,1,14
58,MCAR,0.3,Complete Case,0,-0.1712510477663144,0.029326921361060493,1,15
58,MCAR,0.3,Complete Case,1,0.05315486750773035,0.002825439939764368,1,15
59,MCAR,0.3,Complete Case,0,0.07466333917293211,0.005574614216452298,1,14
59,MCAR,0.3,Complete Case,1,-0.025361915007738378,0.0006432267328597452,1,14
60,MCAR,0.3,Complete Case,0,-0.01943293541708957,0.00037763897892477416,1,15
60,MCAR,0.3,Complete Case,1,-0.20159269686722087,0.0406396154301992,0,15
61,MCAR,0.3,Complete Case,0,0.007260983982344427,5.272188839186233e-05,1,14
61,MCAR,0.3,Complete Case,1,0.13214821443458363,0.0174631505782487,1,14
62,MCAR,0.3,Complete Case,0,0.020472412029865716,0.0004191196543205905,1,14
62,MCAR,0.3,Complete Case,1,-0.08251962247384984,0.006809488093226703,1,14
63,MCAR,0.3,Complete Case,0,0.14897739937277354,0.02219426552387487,1,12
63,MCAR,0.3,Complete Case,1,-0.06363806523410726,0.004049803346740491,1,12
64,MCAR,0.3,Complete Case,0,-0.08708885394573657,0.007584468481581836,1,14
64,MCAR,0.3,Complete Case,1,-0.10424453734902028,0.010866923567111286,1,14
65,MCAR,0.3,Complete Case,0,-0.15090386206971235,0.02277197558755477,1,14
65,MCAR,0.3,Complete Case,1,-0.0780952198697056,0.006098863366497662,1,14
66,MCAR,0.3,Complete Case,0,0.21657681860611444,0.0469055183575458,1,16
66,MCAR,0.3,Complete Case,1,-0.08189906089558566,0.006707456175578848,1,16
67,MCAR,0.3,Complete Case,0,0.2696999763153607,0.07273807722450612,0,14
67,MCAR,0.3,Complete Case,1,-0.0501598543368898,0.0025160109870980022,1,14
68,MCAR,0.3,Complete Case,0,0.05143503109924086,0.002645562424179874,1,13
68,MCAR,0.3,Complete Case,1,0.22721218465677812,0.05162537685650584,1,13
69,MCAR,0.3,Complete Case,0,0.09666299949667667,0.009343735471694514,1,15
69,MCAR,0.3,Complete Case,1,0.1701870746938034,0.028963640392834215,1,15
70,MCAR,0.3,Complete Case,0,-0.05048943968537328,0.0025491835197429466,1,14
70,MCAR,0.3,Complete Case,1,-0.09619333666079427,0.009253158017936906,1,14
71,MCAR,0.3,Complete Case,0,0.11759279680530199,0.013828065860493042,1,16
71,MCAR,0.3,Complete Case,1,0.08957259963489422,0.008023250605353053,1,16
72,MCAR,0.3,Complete Case,0,-0.09470387576069239,0.00896882408409666,1,15
72,MCAR,0.3,Complete Case,1,-0.17646947651216371,0.0311414761404771,1,15
73,MCAR,0.3,Complete Case,0,0.09504940032265707,0.009034388501696723,1,15
73,MCAR,0.3,Complete Case,1,-0.06549381790556272,0.004289440183847007,1,15
74,MCAR,0.3,Complete Case,0,0.12463479443832293,0.015533831984683012,1,14
74,MCAR,0.3,Complete Case,1,-0.0604333627364988,0.0036521913316412413,1,14
75,MCAR,0.3,Complete Case,0,-0.12734403970326635,0.01621650444794708,1,13
75,MCAR,0.3,Complete Case,1,-0.06800000030421266,0.004624000041372922,1,13
76,MCAR,0.3,Complete Case,0,-0.00844987670506231,7.140041633075466e-05,1,15
76,MCAR,0.3,Complete Case,1,-0.10996982962104379,0.012093363426881401,1,15
77,MCAR,0.3,Complete Case,0,-0.16848993961718073,0.028388859752201206,0,14
77,MCAR,0.3,Complete Case,1,0.043296644168956955,0.0018745993962932743,1,14
78,MCAR,0.3,Complete Case,0,0.03550169287410232,0.0012603701969270875,1,14
78,MCAR,0.3,Complete Case,1,0.18396860545868243,0.03384444779441236,1,14
79,MCAR,0.3,Complete Case,0,0.14165187860695283,0.0200652547128789,1,13
79,MCAR,0.3,Complete Case,1,0.15026887457871452,0.022580734667153435,1,13
80,MCAR,0.3,Complete Case,0,-0.04817328403216681,0.0023206652944438174,1,14
80,MCAR,0.3,Complete Case,1,-0.07807418504788621,0.0060955783708915795,1,14
81,MCAR,0.3,Complete Case,0,0.017825970047492756,0.0003177652081341089,1,13
81,MCAR,0.3,Complete Case,1,0.02794873121848257,0.0007811315767229822,1,13
82,MCAR,0.3,Complete Case,0,0.1396157298088182,0.019492552010048927,1,14
82,MCAR,0.3,Complete Case,1,0.03732183450576332,0.0013929193308755855,1,14
83,MCAR,0.3,Complete Case,0,0.08854295677017476,0.007839855193605036,1,15
83,MCAR,0.3,Complete Case,1,0.09523678088899351,0.00907004443409816,1,15
84,MCAR,0.3,Complete Case,0,0.01984843420822624,0.0003939603405182856,1,15
84,MCAR,0.3,Complete Case,1,0.12251232450495236,0.015009269655606752,1,15
85,MCAR,0.3,Complete Case,0,0.018114836629999687,0.0003281473061315784,1,14
85,MCAR,0.3,Complete Case,1,0.032642589854418924,0.0010655386724038132,1,14
86,MCAR,0.3,Complete Case,0,-0.005561442348087031,3.092964099109579e-05,1,16
86,MCAR,0.3,Complete Case,1,0.0582275018957677,0.003390441977021631,1,16
87,MCAR,0.3,Complete Case,0,-0.0538491895013582,0.002899735209953186,1,14
87,MCAR,0.3,Complete Case,1,-0.02003763041899187,0.0004015066328081083,1,14
88,MCAR,0.3,Complete Case,0,0.17446860583743418,0.03043929442285797,1,15
88,MCAR,0.3,Complete Case,1,0.06545269496982686,0.004284055278813198,1,15
89,MCAR,0.3,Complete Case,0,0.14721986999314807,0.021673690120799418,1,14
89,MCAR,0.3,Complete Case,1,0.18037534608558592,0.032535265475494894,1,14
90,MCAR,0.3,Complete Case,0,-0.048077546740451615,0.00231145050058031,1,13
90,MCAR,0.3,Complete Case,1,0.07593941987527408,0.005766795490993172,1,13
91,MCAR,0.3,Complete Case,0,0.05558442964921961,0.0030896288194290442,1,16
91,MCAR,0.3,Complete Case,1,0.2172830183252003,0.04721191005250933,1,16
92,MCAR,0.3,Complete Case,0,-0.11375299148067647,0.012939743070802853,1,14
92,MCAR,0.3,Complete Case,1,-0.1595214862979399,0.02544710459070383,1,14
93,MCAR,0.3,Complete Case,0,0.05912365121276253,0.003495606132728396,1,14
93,MCAR,0.3,Complete Case,1,0.005683970261801619,3.230751793704516e-05,1,14
94,MCAR,0.3,Complete Case,0,0.11253461356245886,0.01266403924965195,1,14
94,MCAR,0.3,Complete Case,1,0.07143647854333851,0.005103170466672863,1,14
95,MCAR,0.3,Complete Case,0,0.28428980986392804,0.08082069599246836,0,15
95,MCAR,0.3,Complete Case,1,0.12053565996796067,0.014528845323911837,1,15
96,MCAR,0.3,Complete Case,0,0.10576179573238098,0.01118555743653788,1,14
96,MCAR,0.3,Complete Case,1,0.08915904897462945,0.007949336014060372,1,14
97,MCAR,0.3,Complete Case,0,-0.050510615283465454,0.002551322256314254,1,13
97,MCAR,0.3,Complete Case,1,-0.12249877616302268,0.015005950161438334,1,13
98,MCAR,0.3,Complete Case,0,-0.07855538516030408,0.006170948537683723,1,14
98,MCAR,0.3,Complete Case,1,-0.20845494892969738,0.043453465733282744,1,14
99,MCAR,0.3,Complete Case,0,-0.13407165264490462,0.01797520804293596,1,15
99,MCAR,0.3,Complete Case,1,0.1480413441064039,0.02191623956483069,1,15
0,MAR,0.1,Complete Case,0,-0.037141522502533886,0.001379492693806231,1,27
0,MAR,0.1,Complete Case,1,-0.01691604382871298,0.00028615253881493843,1,27
1,MAR,0.1,Complete Case,0,-0.054287127373995936,0.002947092198520459,1,27
1,MAR,0.1,Complete Case,1,-0.20981391592695758,0.04402187931660442,0,27
2,MAR,0.1,Complete Case,0,-0.007253825425696803,5.26179833064854e-05,1,27
2,MAR,0.1,Complete Case,1,-0.060535681625289384,0.003664568749838399,1,27
3,MAR,0.1,Complete Case,0,-0.08182440177592659,0.006695232725988259,1,27
3,MAR,0.1,Complete Case,1,-0.12073057427357736,0.01457587156442778,1,27
4,MAR,0.1,Complete Case,0,-0.1285189328206141,0.01651711609334952,1,27
4,MAR,0.1,Complete Case,1,-0.04802946861662949,0.002306829855595797,1,27
5,MAR,0.1,Complete Case,0,0.10716617285425623,0.011484588604228324,1,27
5,MAR,0.1,Complete Case,1,0.1219470937966588,0.014871093685451099,1,27
6,MAR,0.1,Complete Case,0,-0.02145159200665353,0.00046017079961992163,1,27
6,MAR,0.1,Complete Case,1,-0.010335477846438956,0.00010682210231423044,1,27
7,MAR,0.1,Complete Case,0,-0.19974336866166287,0.03989741332430896,0,27
7,MAR,0.1,Complete Case,1,-0.06540399100213287,0.004277682039007078,1,27
8,MAR,0.1,Complete Case,0,0.03492350187144044,0.0012196509829645041,1,27
8,MAR,0.1,Complete Case,1,0.041468346690349545,0.001719623777231024,1,27
9,MAR,0.1,Complete Case,0,-0.13853134497891495,0.019190933541667145,1,27
9,MAR,0.1,Complete Case,1,0.06274178120834945,0.003936531109196392,1,27
10,MAR,0.1,Complete Case,0,-0.13775720343967063,0.0189770470995188,1,27
10,MAR,0.1,Complete Case,1,-0.09836258857977875,0.009675198832114821,0,27
11,MAR,0.1,Complete Case,0,-0.08195694093316264,0.006716940167121909,1,27
11,MAR,0.1,Complete Case,1,-0.2181719447554219,0.04759899747836287,0,27
12,MAR,0.1,Complete Case,0,-0.2353331349641904,0.05538168441207385,0,27
12,MAR,0.1,Complete Case,1,-0.029038799679128258,0.0008432518868045394,1,27
13,MAR,0.1,Complete Case,0,0.035219397304722566,0.0012404059465078992,1,27
13,MAR,0.1,Complete Case,1,-0.018974012782864424,0.0003600131610843026,1,27
14,MAR,0.1,Complete Case,0,-0.026247391098318584,0.0006889255394680936,1,27
14,MAR,0.1,Complete Case,1,0.03467596283949925,0.001202422398846333,1,27
15,MAR,0.1,Complete Case,0,-0.0569267349601667,0.003240653153225066,1,27
15,MAR,0.1,Complete Case,1,0.14796891095721426,0.021894798609864003,1,27
16,MAR,0.1,Complete Case,0,-0.023539384718759992,0.0005541026329377915,1,27
16,MAR,0.1,Complete Case,1,0.05517722149320703,0.003044525771710428,1,27
17,MAR,0.1,Complete Case,0,0.06231785302958093,0.003883514806216449,1,27
17,MAR,0.1,Complete Case,1,0.024628499552187988,0.0006065629901921239,1,27
18,MAR,0.1,Complete Case,0,0.11246510284941769,0.012648399358930099,1,27
18,MAR,0.1,Complete Case,1,0.1448427440375818,0.020979420500336438,1,27
19,MAR,0.1,Complete Case,0,0.09587582675317718,0.009192174155605247,1,27
19,MAR,0.1,Complete Case,1,-0.06850143662728184,0.00469244682000151,1,27
20,MAR,0.1,Complete Case,0,0.05791229670416498,0.003353834109551238,1,27
20,MAR,0.1,Complete Case,1,-0.03348457256819287,0.0011212166000745746,1,27
21,MAR,0.1,Complete Case,0,-0.08037713316121337,0.006460483535215425,1,27
21,MAR,0.1,Complete Case,1,-0.05434636206063426,0.0029535270692255464,1,27
22,MAR,0.1,Complete Case,0,-0.059819673100724446,0.003578393289877536,1,27
22,MAR,0.1,Complete Case,1,0.007200879997831422,5.185267274316866e-05,1,27
23,MAR,0.1,Complete Case,0,0.12795974033419044,0.016373695146393443,1,27
23,MAR,0.1,Complete Case,1,0.10513791428561287,0.011053981020328878,1,27
24,MAR,0.1,Complete Case,0,0.03363139782751723,0.0011310709198327307,1,27
24,MAR,0.1,Complete Case,1,0.1769804328197696,0.03132207360107298,0,27
25,MAR,0.1,Complete Case,0,0.10537754051179271,0.011104426044314514,1,27
25,MAR,0.1,Complete Case,1,0.12297785098770608,0.015123551833554441,1,27
26,MAR,0.1,Complete Case,0,-0.006245533680124538,3.900669094956995e-05,1,27
26,MAR,0.1,Complete Case,1,-0.05509096563233812,0.0030350144943034596,1,27
27,MAR,0.1,Complete Case,0,0.17647487536653939,0.031143381635635608,1,27
27,MAR,0.1,Complete Case,1,0.10266703710905828,0.01054052050875275,1,27
28,MAR,0.1,Complete Case,0,0.01065821594719496,0.00011359756717704096,1,27
28,MAR,0.1,Complete Case,1,-0.001392514777133702,1.939097404535724e-06,1,27
29,MAR,0.1,Complete Case,0,-0.05606531106676854,0.003143319105013519,1,27
29,MAR,0.1,Complete Case,1,0.03472080045180126,0.0012055339840138025,1,27
30,MAR,0.1,Complete Case,0,-0.22800164685572244,0.051984750968921564,0,27
30,MAR,0.1,Complete Case,1,-0.21631712288089433,0.046793097651467934,0,27
31,MAR,0.1,Complete Case,0,0.015592067088792905,0.00024311255610141885,1,27
31,MAR,0.1,Complete Case,1,0.09973219683138185,0.009946511084813491,1,27
32,MAR,0.1,Complete Case,0,0.05571001128064412,0.0031036053568894956,1,27
32,MAR,0.1,Complete Case,1,-0.02328156420108085,0.0005420312316490494,1,27
33,MAR,0.1,Complete Case,0,-0.14061956829217565,0.01977386298667785,1,27
33,MAR,0.1,Complete Case,1,-0.0365870731814818,0.0013386139239871047,1,27
34,MAR,0.1,Complete Case,0,0.000819446472131169,6.714925206882186e-07,1,27
34,MAR,0.1,Complete Case,1,-0.02153351229824685,0.0004636921518987483,1,27
35,MAR,0.1,Complete Case,0,0.07241669690380104,0.005244177990456986,1,27
35,MAR,0.1,Complete Case,1,-0.016316357656652625,0.00026622352717980676,1,27
36,MAR,0.1,Complete Case,0,-0.044218414902837844,0.001955268216519512,1,27
36,MAR,0.1,Complete Case,1,-0.04320190850136535,0.0018664048981603437,1,27
37,MAR,0.1,Complete Case,0,-0.01351096509655364,0.0001825461778402907,1,27
37,MAR,0.1,Complete Case,1,0.03212322091177289,0.001031901321746563,1,27
38,MAR,0.1,Complete Case,0,0.04789342334527902,0.0022937799997301174,1,27
38,MAR,0.1,Complete Case,1,-0.011744097137899534,0.00013792381758442003,1,27
39,MAR,0.1,Complete Case,0,0.031731509430308,0.0010068886907257258,1,27
39,MAR,0.1,Complete Case,1,0.038961067810300176,0.0015179648049188086,1,27
40,MAR,0.1,Complete Case,0,0.018238760810456278,0.00033265239590103576,1,27
40,MAR,0.1,Complete Case,1,-0.08025451941126666,0.006440787885933377,1,27
41,MAR,0.1,Complete Case,0,0.15081695182486576,0.022745752957743882,1,27
41,MAR,0.1,Complete Case,1,-0.011152490705315876,0.000124378048932157,1,27
42,MAR,0.1,Complete Case,0,-0.16025336175835259,0.025681139954853424,1,27
42,MAR,0.1,Complete Case,1,-0.06820467102176947,0.0046518771491878,1,27
43,MAR,0.1,Complete Case,0,0.06960368332170996,0.004844672731948886,1,27
43,MAR,0.1,Complete Case,1,-0.07636977692554908,0.0058323428276581294,1,27
44,MAR,0.1,Complete Case,0,-0.005293615955004161,2.802236987907461e-05,1,27
44,MAR,0.1,Complete Case,1,-0.016283538037565326,0.0002651536110208368,1,27
45,MAR,0.1,Complete Case,0,0.11198810406728177,0.012541335452584332,1,27
45,MAR,0.1,Complete Case,1,-0.1703613443031269,0.029022987632768553,0,27
46,MAR,0.1,Complete Case,0,0.047646950943599053,0.002270231934221735,1,27
46,MAR,0.1,Complete Case,1,-0.10471118440885074,0.010964432140304348,1,27
47,MAR,0.1,Complete Case,0,-0.10229524903776666,0.0104643179756987,1,27
47,MAR,0.1,Complete Case,1,0.021882273445580858,0.00047883389114717316,1,27
48,MAR,0.1,Complete Case,0,0.06383774895660066,0.004075258191845969,1,27
48,MAR,0.1,Complete Case,1,0.1601083408179224,0.025634680799468,1,27
49,MAR,0.1,Complete Case,0,0.06179093439112182,0.0038181195729279213,1,27
49,MAR,0.1,Complete Case,1,0.1077711003913398,0.011614610079560243,1,27
50,MAR,0.1,Complete Case,0,0.17999767254600807,0.03239916212197995,0,27
50,MAR,0.1,Complete Case,1,0.07922671440731488,0.0062768722757782355,1,27
51,MAR,0.1,Complete Case,0,-0.007379810083270821,5.4461596865145686e-05,1,27
51,MAR,0.1,Complete Case,1,-0.07481692461004827,0.005597572208105646,1,27
52,MAR,0.1,Complete Case,0,0.14567670566270163,0.021221702572737405,1,27
52,MAR,0.1,Complete Case,1,0.008261005600495974,6.824421353142585e-05,1,27
53,MAR,0.1,Complete Case,0,0.1358937811662605,0.018467119759663496,1,27
53,MAR,0.1,Complete Case,1,0.04858853695724791,0.002360845923645846,1,27
54,MAR,0.1,Complete Case,0,-0.1137193960104248,0.01293210102897582,1,27
54,MAR,0.1,Complete Case,1,-0.1757936044669572,0.03090339137148499,1,27
55,MAR,0.1,Complete Case,0,-0.05469873667682046,0.0029919517940401436,1,27
55,MAR,0.1,Complete Case,1,-0.09434920891489004,0.008901773222865566,1,27
56,MAR,0.1,Complete Case,0,-0.055780878296584624,0.0031115063835383855,1,27
56,MAR,0.1,Complete Case,1,0.033550750002427576,0.001125652825725394,1,27
57,MAR,0.1,Complete Case,0,0.09429401964773942,0.008891362141328268,1,27
57,MAR,0.1,Complete Case,1,0.08545586741316169,0.00730270527533587,1,27
58,MAR,0.1,Complete Case,0,0.016366828622733642,0.0002678730791659332,1,27
58,MAR,0.1,Complete Case,1,-0.24875394311398777,0.061878524214757064,0,27
59,MAR,0.1,Complete Case,0,0.10938338103669365,0.011964724047018512,1,27
59,MAR,0.1,Complete Case,1,-0.011698291877289713,0.00013685003284626246,1,27
60,MAR,0.1,Complete Case,0,-0.11559560197972091,0.013362343197054056,1,27
60,MAR,0.1,Complete Case,1,0.04906510179459522,0.0024073842141139916,1,27
61,MAR,0.1,Complete Case,0,0.01447710282704806,0.00020958650626492294,1,27
61,MAR,0.1,Complete Case,1,0.030162233186050158,0.0009097603107696654,1,27
62,MAR,0.1,Complete Case,0,0.1363330129705328,0.018586690425623463,1,27
62,MAR,0.1,Complete Case,1,0.09553158038099047,0.009126282850089642,1,27
63,MAR,0.1,Complete Case,0,-0.03071399705967237,0.0009433496153815631,1,27
63,MAR,0.1,Complete Case,1,-0.042989072575595255,0.001848060360909796,1,27
64,MAR,0.1,Complete Case,0,0.014291941162073107,0.00020425958218015961,1,27
64,MAR,0.1,Complete Case,1,0.040187505037867055,0.00161503556116859,1,27
65,MAR,0.1,Complete Case,0,0.03653902619470628,0.0013351004352574317,1,27
65,MAR,0.1,Complete Case,1,0.08525336076836554,0.007268135522301088,1,27
66,MAR,0.1,Complete Case,0,0.11241397167729084,0.012636901028262747,1,27
66,MAR,0.1,Complete Case,1,0.171896447313509,0.02954838859900598,1,27
67,MAR,0.1,Complete Case,0,0.02070538151583179,0.0004287128237161487,1,27
67,MAR,0.1,Complete Case,1,-0.02199534695439942,0.00048379528764440783,1,27
68,MAR,0.1,Complete Case,0,-0.09120698839542268,0.008318714732162768,1,27
68,MAR,0.1,Complete Case,1,-0.13288785422599833,0.017659181800790184,1,27
69,MAR,0.1,Complete Case,0,0.09504894558788424,0.009034302057368578,1,27
69,MAR,0.1,Complete Case,1,-0.035786006641543355,0.001280638271348585,1,27
70,MAR,0.1,Complete Case,0,0.13042102619490947,0.017009644073733263,1,27
70,MAR,0.1,Complete Case,1,0.003672943465667766,1.3490513701991541e-05,1,27
71,MAR,0.1,Complete Case,0,-0.12960024138158377,0.016796222566164778,1,27
71,MAR,0.1,Complete Case,1,-0.09697319459788176,0.009403800470518643,1,27
72,MAR,0.1,Complete Case,0,-0.036878620674656915,0.0013600326628652325,1,27
72,MAR,0.1,Complete Case,1,0.05270947605978654,0.0027782888664972106,1,27
73,MAR,0.1,Complete Case,0,0.10887789239644374,0.011854395452691582,1,27
73,MAR,0.1,Complete Case,1,0.10373031587415305,0.010759978431351567,1,27
74,MAR,0.1,Complete Case,0,-0.08077972796294114,0.006525364449766775,1,27
74,MAR,0.1,Complete Case,1,0.022402080297512117,0.0005018532016561806,1,27
75,MAR,0.1,Complete Case,0,0.040924051094125335,0.001674777957954581,1,27
75,MAR,0.1,Complete Case,1,0.05268461953633635,0.002775669135688514,1,27
76,MAR,0.1,Complete Case,0,-0.09454525072351883,0.008938804434373037,1,27
76,MAR,0.1,Complete Case,1,-0.05511217162319518,0.00303735146102452,1,27
77,MAR,0.1,Complete Case,0,-0.05554541976771871,0.003085293657172076,1,27
77,MAR,0.1,Complete Case,1,0.11672857727989006,0.013625560753787265,1,27
78,MAR,0.1,Complete Case,0,0.051879997921711385,0.0026915341843567774,1,27
78,MAR,0.1,Complete Case,1,0.05829494703029148,0.003398300849264489,1,27
79,MAR,0.1,Complete Case,0,-0.17447893660225616,0.030442899317854124,0,27
79,MAR,0.1,Complete Case,1,0.06385414548706303,0.004077351895883012,1,27
80,MAR,0.1,Complete Case,0,0.004388874739600701,1.926222147990512e-05,1,27
80,MAR,0.1,Complete Case,1,-0.04815086849253225,0.002318506136585135,1,27
81,MAR,0.1,Complete Case,0,-0.029307318793189707,0.0008589189348456506,1,27
81,MAR,0.1,Complete Case,1,0.03507121817713316,0.001229990344428075,1,27
82,MAR,0.1,Complete Case,0,-0.10633642534018323,0.011307435354128361,1,27
82,MAR,0.1,Complete Case,1,-0.15172117755905512,0.02301931571990633,1,27
83,MAR,0.1,Complete Case,0,-0.25750019027454707,0.06630634799142794,0,27
83,MAR,0.1,Complete Case,1,-0.08031391777024102,0.006450325387605036,1,27
84,MAR,0.1,Complete Case,0,0.03898179405073976,0.0015195802674142897,1,27
84,MAR,0.1,Complete Case,1,-0.0793705423225487,0.006299682988575494,1,27
85,MAR,0.1,Complete Case,0,-0.0505126129958115,0.002551524071664625,1,27
85,MAR,0.1,Complete Case,1,-0.01981982938386251,0.0003928256368054197,1,27
86,MAR,0.1,Complete Case,0,-0.15806416567093,0.024984280469247208,1,27
86,MAR,0.1,Complete Case,1,-0.05128639632247206,0.0026302944477456756,1,27
87,MAR,0.1,Complete Case,0,-0.07754038257442841,0.006012510929788721,1,27
87,MAR,0.1,Complete Case,1,-0.08460079580556795,0.007157294650935404,1,27
88,MAR,0.1,Complete Case,0,0.003736965550316884,1.3964911524255174e-05,1,27
88,MAR,0.1,Complete Case,1,0.05471454311183188,0.0029936812279365097,1,27
89,MAR,0.1,Complete Case,0,-0.04576817174883874,0.0020947255452312004,1,27
89,MAR,0.1,Complete Case,1,-0.1741572285739382,0.030330740264554956,0,27
90,MAR,0.1,Complete Case,0,0.07601071344209442,0.005777628557976194,1,27
90,MAR,0.1,Complete Case,1,0.18535688920475357,0.03435717637566329,0,27
91,MAR,0.1,Complete Case,0,0.07023536218919524,0.004933006101847436,1,27
91,MAR,0.1,Complete Case,1,0.10359911154198803,0.010732775912289277,1,27
92,MAR,0.1,Complete Case,0,-0.021409925688451514,0.00045838491798501607,1,27
92,MAR,0.1,Complete Case,1,0.06706559526849287,0.004497794068717293,1,27
93,MAR,0.1,Complete Case,0,0.14201077375407967,0.0201670598622324,1,27
93,MAR,0.1,Complete Case,1,0.12374515418822662,0.015312863185067981,1,27
94,MAR,0.1,Complete Case,0,0.017286750966905906,0.0002988317589918223,1,27
94,MAR,0.1,Complete Case,1,-0.11199409661332074,0.012542677676233821,1,27
95,MAR,0.1,Complete Case,0,-0.17138455194744984,0.029372664646228133,0,27
95,MAR,0.1,Complete Case,1,-0.12908677609394853,0.0166633957623292,1,27
96,MAR,0.1,Complete Case,0,0.020035848171086834,0.00040143521193484365,1,27
96,MAR,0.1,Complete Case,1,-0.05090906076325899,0.002591732467797196,1,27
97,MAR,0.1,Complete Case,0,0.03035517800727905,0.0009214368318535977,1,27
97,MAR,0.1,Complete Case,1,-0.0002084795499608938,4.346372275189681e-08,1,27
98,MAR,0.1,Complete Case,0,-0.08813352934184243,0.007767518994249401,1,27
98,MAR,0.1,Complete Case,1,-0.09465013247915063,0.008958647578320766,1,27
99,MAR,0.1,Complete Case,0,0.009170223822678292,8.409300495801646e-05,1,27
99,MAR,0.1,Complete Case,1,-0.035768457916707685,0.0012793825817392886,1,27
0,MAR,0.3,Complete Case,0,-0.005719704725594021,3.271502214798258e-05,1,21
0,MAR,0.3,Complete Case,1,-0.059456869920739286,0.003535119380771712,1,21
1,MAR,0.3,Complete Case,0,0.18648609055820242,0.03477706197168207,1,21
1,MAR,0.3,Complete Case,1,0.0027584921642314075,7.609279020126075e-06,1,21
2,MAR,0.3,Complete Case,0,0.026397239738759848,0.0006968142658255621,1,21
2,MAR,0.3,Complete Case,1,0.13453230654654047,0.018098941504732336,1,21
3,MAR,0.3,Complete Case,0,0.06619561732105839,0.004381859752516005,1,21
3,MAR,0.3,Complete Case,1,-0.09615336709422007,0.009245470003555842,1,21
4,MAR,0.3,Complete Case,0,-0.036356132449210266,0.0013217683666645196,1,21
4,MAR,0.3,Complete Case,1,-0.02392047904017569,0.0005721893175114845,1,21
5,MAR,0.3,Complete Case,0,0.1400779179169469,0.019621823087946914,1,21
5,MAR,0.3,Complete Case,1,-0.05141698148969981,0.002643705985512133,1,21
6,MAR,0.3,Complete Case,0,-0.06753293847186276,0.004560697778644401,1,21
6,MAR,0.3,Complete Case,1,-0.02805709831351766,0.0007872007657743954,1,21
7,MAR,0.3,Complete Case,0,-0.16125807875507586,0.02600416796377825,1,21
7,MAR,0.3,Complete Case,1,8.006364983859093e-05,6.410188025476502e-09,1,21
8,MAR,0.3,Complete Case,0,-0.21107597276948875,0.04455306628058596,1,21
8,MAR,0.3,Complete Case,1,-0.08740992787215518,0.007640495490615371,1,21
9,MAR,0.3,Complete Case,0,-0.16541794208399813,0.02736309556330496,1,21
9,MAR,0.3,Complete Case,1,0.01592810715731202,0.00025370459761481446,1,21
10,MAR,0.3,Complete Case,0,-0.014927482685694049,0.00022282973933169563,1,21
10,MAR,0.3,Complete Case,1,-0.01805595539959537,0.00032601752539217714,1,21
11,MAR,0.3,Complete Case,0,-0.05282326669039994,0.0027902975038451155,1,21
11,MAR,0.3,Complete Case,1,0.006043981929455933,3.652971756358986e-05,1,21
12,MAR,0.3,Complete Case,0,-0.02598102919701395,0.0006750138781360913,1,21
12,MAR,0.3,Complete Case,1,-0.06805546515128783,0.004631546336958152,1,21
13,MAR,0.3,Complete Case,0,-0.1059338163055421,0.011221973437056339,1,21
13,MAR,0.3,Complete Case,1,-0.13813319695317944,0.019080780100505863,1,21
14,MAR,0.3,Complete Case,0,-0.06962911072462874,0.004848213060302609,1,21
14,MAR,0.3,Complete Case,1,0.031498735658121835,0.000992170348060236,1,21
15,MAR,0.3,Complete Case,0,-0.07594218588964152,0.005767215597696868,1,21
15,MAR,0.3,Complete Case,1,-0.07328517829049175,0.005370717357069163,1,21
16,MAR,0.3,Complete Case,0,-0.2681409446668615,0.07189956620683688,0,21
16,MAR,0.3,Complete Case,1,-0.06655162207262788,0.00442911840049789,1,21
17,MAR,0.3,Complete Case,0,0.11829186423644411,0.013992965144533326,1,21
17,MAR,0.3,Complete Case,1,-0.027593546320343276,0.00076140379853293,1,21
18,MAR,0.3,Complete Case,0,0.06613458415138773,0.004373783220876985,1,21
18,MAR,0.3,Complete Case,1,-0.010980329362689556,0.00012056763291314243,1,21
19,MAR,0.3,Complete Case,0,-0.1628781280306733,0.026529284590776407,1,21
19,MAR,0.3,Complete Case,1,-0.05295844267287239,0.0028045966503359113,1,21
20,MAR,0.3,Complete Case,0,0.15103538576149766,0.022811687752124412,1,21
20,MAR,0.3,Complete Case,1,0.18795713945733422,0.035327886272983784,1,21
21,MAR,0.3,Complete Case,0,0.0266025455944634,0.0007076954321055041,1,21
21,MAR,0.3,Complete Case,1,0.14535542523214856,0.02112819964441873,1,21
22,MAR,0.3,Complete Case,0,-0.11579784555035066,0.013409141034102868,1,21
22,MAR,0.3,Complete Case,1,-0.12648188596182253,0.01599766747645948,1,21
23,MAR,0.3,Complete Case,0,-0.10706865082103911,0.0114636959886376,1,21
23,MAR,0.3,Complete Case,1,-0.01783561319195104,0.0003181090979328979,1,21
24,MAR,0.3,Complete Case,0,0.10662244372342444,0.011368345505554812,1,21
24,MAR,0.3,Complete Case,1,0.08741787496313552,0.007641884863070396,1,21
25,MAR,0.3,Complete Case,0,0.00015043919717605547,2.2631952046976098e-08,1,21
25,MAR,0.3,Complete Case,1,0.0236726510035023,0.0005603944055336184,1,21
26,MAR,0.3,Complete Case,0,0.05715912187054739,0.003267165213012089,1,21
26,MAR,0.3,Complete Case,1,-0.05474264596370476,0.002996757287107521,1,21
27,MAR,0.3,Complete Case,0,-0.020608483588604287,0.00042470959582177224,1,21
27,MAR,0.3,Complete Case,1,0.01597823541971083,0.0002553040071277017,1,21
28,MAR,0.3,Complete Case,0,-0.013845147805246982,0.00019168811774913534,1,21
28,MAR,0.3,Complete Case,1,-0.13410446455906247,0.01798400741467284,1,21
29,MAR,0.3,Complete Case,0,0.11120988184601566,0.012367637820204763,1,21
29,MAR,0.3,Complete Case,1,0.17170895104644635,0.029483963869470907,1,21
30,MAR,0.3,Complete Case,0,-0.0574077935760397,0.003295654763269185,1,21
30,MAR,0.3,Complete Case,1,-0.029819716684412245,0.0008892155031386141,1,21
31,MAR,0.3,Complete Case,0,-0.034319191964039986,0.0011778069370646266,1,21
31,MAR,0.3,Complete Case,1,-0.20302895302609092,0.041220755766870634,0,21
32,MAR,0.3,Complete Case,0,-0.005418987105540507,2.9365421250014283e-05,1,21
32,MAR,0.3,Complete Case,1,-0.01733677014229451,0.00030056359896675445,1,21
33,MAR,0.3,Complete Case,0,-0.1393360523454097,0.01941453548320275,1,21
33,MAR,0.3,Complete Case,1,-0.22503123851741977,0.050639058308683864,1,21
34,MAR,0.3,Complete Case,0,-0.28798660368175755,0.08293628390015369,0,21
34,MAR,0.3,Complete Case,1,-0.15607201780888183,0.024358474742935926,1,21
35,MAR,0.3,Complete Case,0,-0.13300785555564482,0.017691089639511274,1,21
35,MAR,0.3,Complete Case,1,-0.03781883596114455,0.0014302643534559601,1,21
36,MAR,0.3,Complete Case,0,0.048332794519792444,0.0023360590260924786,1,21
36,MAR,0.3,Complete Case,1,0.11604301448034232,0.013465981209684938,1,21
37,MAR,0.3,Complete Case,0,-0.06921497391071435,0.004790712613460868,1,21
37,MAR,0.3,Complete Case,1,-0.08744974353506871,0.007647457644349292,1,21
38,MAR,0.3,Complete Case,0,0.12582371821950222,0.015831608066580696,1,21
38,MAR,0.3,Complete Case,1,0.04480422088202385,0.002007418208845182,1,21
39,MAR,0.3,Complete Case,0,-0.05732718177428675,0.003286405770182115,1,21
39,MAR,0.3,Complete Case,1,-0.028262415300228105,0.0007987641186025677,1,21
40,MAR,0.3,Complete Case,0,-0.14460449442703127,0.020910459808497317,0,21
40,MAR,0.3,Complete Case,1,0.011398713054535992,0.00012993065929964924,1,21
41,MAR,0.3,Complete Case,0,-0.04332900664182149,0.0018774028165670106,1,21
41,MAR,0.3,Complete Case,1,0.15061766831421974,0.022685682008412315,1,21
42,MAR,0.3,Complete Case,0,-0.047479470220736786,0.0022543000924418314,1,21
42,MAR,0.3,Complete Case,1,-0.06697686355480256,0.00448590025163864,1,21
43,MAR,0.3,Complete Case,0,-0.030485719059427152,0.0009293790665703199,1,21
43,MAR,0.3,Complete Case,1,-0.11345207230577234,0.012871372710474194,1,21
44,MAR,0.3,Complete Case,0,0.08585887967991745,0.007371747219890542,1,21
44,MAR,0.3,Complete Case,1,-0.009572667197856155,9.163595728091121e-05,1,21
45,MAR,0.3,Complete Case,0,-0.1391924975602966,0.01937455137707318,1,21
45,MAR,0.3,Complete Case,1,-0.15315088662408202,0.023455194073742424,1,21
46,MAR,0.3,Complete Case,0,-0.00017548584360516095,3.079528130581501e-08,1,21
46,MAR,0.3,Complete Case,1,0.003042482574510008,9.256700216197048e-06,1,21
47,MAR,0.3,Complete Case,0,-0.026792714203072554,0.0007178495343675257,1,21
47,MAR,0.3,Complete Case,1,-0.1862498310159058,0.03468899955345347,1,21
48,MAR,0.3,Complete Case,0,-0.18026284147247384,0.032494692015730235,1,21
48,MAR,0.3,Complete Case,1,0.08061607646671043,0.006498951784886503,1,21
49,MAR,0.3,Complete Case,0,-0.1361140705277124,0.018527040195623068,1,21
49,MAR,0.3,Complete Case,1,-0.012593017773935233,0.0001585840966546487,1,21
50,MAR,0.3,Complete Case,0,-0.006501624324332433,4.227111885475117e-05,1,21
50,MAR,0.3,Complete Case,1,0.13712467473496143,0.01880317642116897,1,21
51,MAR,0.3,Complete Case,0,0.03701678590366919,0.0013702424386380823,1,21
51,MAR,0.3,Complete Case,1,-0.037606272481828684,0.0014142317299775454,1,21
52,MAR,0.3,Complete Case,0,-0.16502203851858027,0.02723227319682779,0,21
52,MAR,0.3,Complete Case,1,-0.1048259418993627,0.010988478095088565,1,21
53,MAR,0.3,Complete Case,0,-0.07564724737148604,0.005722506034882801,1,21
53,MAR,0.3,Complete Case,1,-0.03962262310307141,0.0015699522615680481,1,21
54,MAR,0.3,Complete Case,0,-0.06990366266151044,0.004886522053494248,1,21
54,MAR,0.3,Complete Case,1,-0.08009687145517627,0.006415508816907031,1,21
55,MAR,0.3,Complete Case,0,-0.022373682274662632,0.0005005816585275529,1,21
55,MAR,0.3,Complete Case,1,0.051408885487718714,0.0026428735070893757,1,21
56,MAR,0.3,Complete Case,0,0.059239524270463195,0.003509321235790798,1,21
56,MAR,0.3,Complete Case,1,0.12936545883412426,0.016735421939363497,1,21
57,MAR,0.3,Complete Case,0,-0.04064136084016434,0.0016517202109404437,1,21
57,MAR,0.3,Complete Case,1,-0.11073178552758911,0.012261528326127993,1,21
58,MAR,0.3,Complete Case,0,-0.043107520388544096,0.001858258314048745,1,21
58,MAR,0.3,Complete Case,1,-0.09559356918764664,0.009138130470033385,1,21
59,MAR,0.3,Complete Case,0,-0.05206454552905804,0.0027107169011473574,1,21
59,MAR,0.3,Complete Case,1,0.04115853678681747,0.0016940251504318068,1,21
60,MAR,0.3,Complete Case,0,-0.05973527491774028,0.0035683030694980107,1,21
60,MAR,0.3,Complete Case,1,0.05879232354501146,0.003456537307821309,1,21
61,MAR,0.3,Complete Case,0,0.022884685352889567,0.0005237088237007582,1,21
61,MAR,0.3,Complete Case,1,-0.03451655605416548,0.0011913926418403477,1,21
62,MAR,0.3,Complete Case,0,-0.05124668150009215,0.0026262223647718873,1,21
62,MAR,0.3,Complete Case,1,-0.20663687723166274,0.04269879903205326,1,21
63,MAR,0.3,Complete Case,0,0.06501489156644624,0.004226936125396763,1,21
63,MAR,0.3,Complete Case,1,0.015559392431028385,0.0002420946928227434,1,21
64,MAR,0.3,Complete Case,0,-0.30443316335846626,0.09267955095244261,0,21
64,MAR,0.3,Complete Case,1,-0.20419041658829784,0.041693726226502616,0,21
65,MAR,0.3,Complete Case,0,-0.24214842977404666,0.058635862042036406,0,21
65,MAR,0.3,Complete Case,1,-0.14318057176007792,0.020500676129542823,1,21
66,MAR,0.3,Complete Case,0,-0.051337317300683194,0.002635520147631026,1,21
66,MAR,0.3,Complete Case,1,0.11069452475272884,0.012253277810232497,1,21
67,MAR,0.3,Complete Case,0,0.0797092765463786,0.006353568767547062,1,21
67,MAR,0.3,Complete Case,1,0.014342493114176624,0.0002057071087302039,1,21
68,MAR,0.3,Complete Case,0,-0.20940227869842232,0.04384931432409173,1,21
68,MAR,0.3,Complete Case,1,-0.09500390448256299,0.009025741866931952,1,21
69,MAR,0.3,Complete Case,0,0.04124417985009032,0.0017010823715065966,1,21
69,MAR,0.3,Complete Case,1,0.10474151109331775,0.010970784146111606,1,21
70,MAR,0.3,Complete Case,0,-0.03302259880972408,0.0010904920321479902,1,21
70,MAR,0.3,Complete Case,1,0.015596119293189104,0.00024323893700738537,1,21
71,MAR,0.3,Complete Case,0,-0.19056866643132087,0.03631641662541204,1,21
71,MAR,0.3,Complete Case,1,-0.17644959289947557,0.031134458834390658,1,21
72,MAR,0.3,Complete Case,0,-0.09323098946426472,0.00869201739648584,1,21
72,MAR,0.3,Complete Case,1,0.11255403745374387,0.012668411347138779,1,21
73,MAR,0.3,Complete Case,0,-0.04606081174682658,0.0021215983787765975,1,21
73,MAR,0.3,Complete Case,1,-0.1441328587416666,0.020774280969045215,1,21
74,MAR,0.3,Complete Case,0,-0.09184157794673664,0.008434875439746503,1,21
74,MAR,0.3,Complete Case,1,-0.19048861438862438,0.03628591221169804,1,21
75,MAR,0.3,Complete Case,0,0.00020758658775676953,4.3092191416498975e-08,1,21
75,MAR,0.3,Complete Case,1,0.019948848461423196,0.0003979565549368266,1,21
76,MAR,0.3,Complete Case,0,-0.09011474549818604,0.008120667356202841,1,21
76,MAR,0.3,Complete Case,1,0.0009696867180737367,9.402923312086146e-07,1,21
77,MAR,0.3,Complete Case,0,-0.021728580283197685,0.0004721312011233672,1,21
77,MAR,0.3,Complete Case,1,-0.15207657626157012,0.023127285047441153,1,21
78,MAR,0.3,Complete Case,0,-0.14771696043365357,0.02182030039975757,1,21
78,MAR,0.3,Complete Case,1,-0.11126140636861143,0.012379100547121288,1,21
79,MAR,0.3,Complete Case,0,0.17297317516392652,0.029919719326290405,1,21
79,MAR,0.3,Complete Case,1,0.16638963043413452,0.027685509116007864,1,21
80,MAR,0.3,Complete Case,0,0.12902005061159205,0.016646173459817774,1,21
80,MAR,0.3,Complete Case,1,-0.0356146028609175,0.001268399936940873,1,21
81,MAR,0.3,Complete Case,0,-0.05876549968511996,0.003453383953241834,1,21
81,MAR,0.3,Complete Case,1,-0.06269275847203135,0.003930381964832458,1,21
82,MAR,0.3,Complete Case,0,-0.17265033361933058,0.02980813769886615,1,21
82,MAR,0.3,Complete Case,1,-0.15457172434986524,0.023892417968490724,1,21
83,MAR,0.3,Complete Case,0,-0.01607952542219132,0.00025855113780289695,1,21
83,MAR,0.3,Complete Case,1,0.07270716314500353,0.00528633157259416,1,21
84,MAR,0.3,Complete Case,0,0.13178209630057425,0.017366520905373824,1,21
84,MAR,0.3,Complete Case,1,0.09327711543131995,0.008700620263187785,1,21
85,MAR,0.3,Complete Case,0,0.023386728856464423,0.0005469390866057857,1,21
85,MAR,0.3,Complete Case,1,0.10590060319746503,0.01121493775758694,1,21
86,MAR,0.3,Complete Case,0,0.23354634150394737,0.05454389362987841,0,21
86,MAR,0.3,Complete Case,1,0.0495840103085014,0.002458574078273573,1,21
87,MAR,0.3,Complete Case,0,-0.10603182570873954,0.011242748063128518,1,21
87,MAR,0.3,Complete Case,1,-0.011284472959848246,0.00012733932998154623,1,21
88,MAR,0.3,Complete Case,0,0.0065414298338993815,4.279030427182889e-05,1,21
88,MAR,0.3,Complete Case,1,-0.055637908692123345,0.0030955768836330544,1,21
89,MAR,0.3,Complete Case,0,-0.276382120176226,0.07638707635310582,0,21
89,MAR,0.3,Complete Case,1,-0.13496483301662401,0.018215506151205204,1,21
90,MAR,0.3,Complete Case,0,0.21822045599550477,0.04762016741488603,0,21
90,MAR,0.3,Complete Case,1,0.2192220376050082,0.048058301771691625,0,21
91,MAR,0.3,Complete Case,0,-0.1256110044606854,0.01577812444162233,1,21
91,MAR,0.3,Complete Case,1,0.058347443816505695,0.0034044241999202887,1,21
92,MAR,0.3,Complete Case,0,-0.09296973284671767,0.008643371225590054,1,21
92,MAR,0.3,Complete Case,1,-0.0383294849715749,0.001469149418186186,1,21
93,MAR,0.3,Complete Case,0,0.05762899233475216,0.0033211007575189235,1,21
93,MAR,0.3,Complete Case,1,0.034072298554669256,0.0011609215287985166,1,21
94,MAR,0.3,Complete Case,0,-0.037335584471072825,0.0013939458677966142,1,21
94,MAR,0.3,Complete Case,1,-0.026474178484104605,0.0007008821264082272,1,21
95,MAR,0.3,Complete Case,0,-0.08941147316298942,0.007994411533175977,1,21
95,MAR,0.3,Complete Case,1,0.08457589884804795,0.007153082665955238,1,21
96,MAR,0.3,Complete Case,0,-0.10592618448816016,0.011220356560219741,1,21
96,MAR,0.3,Complete Case,1,0.04129304221441238,0.0017051153353212427,1,21
97,MAR,0.3,Complete Case,0,0.05878845923734077,0.0034560829395004775,1,21
97,MAR,0.3,Complete Case,1,-0.07895051889925622,0.006233184434461814,1,21
98,MAR,0.3,Complete Case,0,-0.16418044423714157,0.02695521826990515,1,21
98,MAR,0.3,Complete Case,1,-0.06725377799635132,0.004523070654782509,1,21
99,MAR,0.3,Complete Case,0,0.0474025669636049,0.0022470033547390463,1,21
99,MAR,0.3,Complete Case,1,-0.0026072643615762114,6.797827451145409e-06,1,21
0,MNAR,0.1,Complete Case,0,-0.03268938759260509,0.0010685960611795636,1,24
0,MNAR,0.1,Complete Case,1,-0.00559381329372266,3.129074716502836e-05,1,24
1,MNAR,0.1,Complete Case,0,0.036459360856454404,0.0013292849940611596,1,24
1,MNAR,0.1,Complete Case,1,-0.0005994695602284938,3.593637536405438e-07,1,24
2,MNAR,0.1,Complete Case,0,0.06501785313744013,0.004227321226601733,1,25
2,MNAR,0.1,Complete Case,1,-0.04037124239676887,0.0016298372126586683,1,25
3,MNAR,0.1,Complete Case,0,-0.058960029207865805,0.003476285044192389,1,25
3,MNAR,0.1,Complete Case,1,-0.02680614193991193,0.0007185692457027054,1,25
4,MNAR,0.1,Complete Case,0,0.0441873634695894,0.001952523090393604,1,24
4,MNAR,0.1,Complete Case,1,0.08486714466306494,0.007202432243261592,1,24
5,MNAR,0.1,Complete Case,0,-0.05867380400660388,0.0034426152766053653,1,24
5,MNAR,0.1,Complete Case,1,0.04301571164455115,0.001850351448287173,1,24
6,MNAR,0.1,Complete Case,0,-0.11182303698678298,0.012504391600947433,1,24
6,MNAR,0.1,Complete Case,1,-0.07947861883801377,0.0063168508523982776,1,24
7,MNAR,0.1,Complete Case,0,-0.12593361461754427,0.015859275290640157,1,24
7,MNAR,0.1,Complete Case,1,-0.033852677939700315,0.0011460038036890724,1,24
8,MNAR,0.1,Complete Case,0,-0.22971617001963246,0.052769518768488684,0,25
8,MNAR,0.1,Complete Case,1,-0.026184836956197888,0.0006856456864226667,1,25
9,MNAR,0.1,Complete Case,0,-0.0028434983788984125,8.0854830307979e-06,1,25
9,MNAR,0.1,Complete Case,1,-0.08015231875339199,0.006424394201545353,1,25
10,MNAR,0.1,Complete Case,0,-0.15558929523081266,0.024208028790420985,1,26
10,MNAR,0.1,Complete Case,1,-0.010153049910481882,0.00010308442248473615,1,26
11,MNAR,0.1,Complete Case,0,-0.30171872112886755,0.09103418667963935,0,24
11,MNAR,0.1,Complete Case,1,-0.18531549154327673,0.03434183140592627,0,24
12,MNAR,0.1,Complete Case,0,-0.04309130437416897,0.0018568605126672738,1,25
12,MNAR,0.1,Complete Case,1,0.03648449454140951,0.00133111834194214,1,25
13,MNAR,0.1,Complete Case,0,-0.007692243028314616,5.917060280665481e-05,1,24
13,MNAR,0.1,Complete Case,1,-0.029482671040454766,0.0008692278916796702,1,24
14,MNAR,0.1,Complete Case,0,0.1205340439132242,0.014528455742075059,1,24
14,MNAR,0.1,Complete Case,1,0.1134106144041086,0.012861967459517405,1,24
15,MNAR,0.1,Complete Case,0,-0.010288249080350254,0.00010584806913932784,1,25
15,MNAR,0.1,Complete Case,1,0.12012259882856707,0.014429438749328864,1,25
16,MNAR,0.1,Complete Case,0,-0.2786483503983865,0.07764490317974197,0,25
16,MNAR,0.1,Complete Case,1,-0.057908402323227776,0.003353383059628812,1,25
17,MNAR,0.1,Complete Case,0,-0.09482689157970914,0.008992139366669911,1,24
17,MNAR,0.1,Complete Case,1,-0.036472863683343126,0.00133026978526373,1,24
18,MNAR,0.1,Complete Case,0,0.0011881581311724565,1.4117197446712243e-06,1,25
18,MNAR,0.1,Complete Case,1,-0.1273765662667736,0.016224789633913765,1,25
19,MNAR,0.1,Complete Case,0,-0.04683408423479801,0.002193431446112156,1,24
19,MNAR,0.1,Complete Case,1,-0.029466895307701135,0.0008682979190750192,1,24
20,MNAR,0.1,Complete Case,0,-0.004431199977723788,1.9635533242579295e-05,1,24
20,MNAR,0.1,Complete Case,1,-0.003928591323649866,1.5433829788257006e-05,1,24
21,MNAR,0.1,Complete Case,0,0.01234297259349526,0.00015234897244377512,1,24
21,MNAR,0.1,Complete Case,1,0.09404408662970304,0.00884429023001509,1,24
22,MNAR,0.1,Complete Case,0,0.01067230604062741,0.00011389811622481231,1,25
22,MNAR,0.1,Complete Case,1,0.0031934606023250045,1.0198190618601981e-05,1,25
23,MNAR,0.1,Complete Case,0,-0.05903724768841734,0.0034853966146235382,1,25
23,MNAR,0.1,Complete Case,1,-0.007675571479250465,5.8914397533083165e-05,1,25
24,MNAR,0.1,Complete Case,0,-0.08317367589204733,0.006917860361395335,1,24
24,MNAR,0.1,Complete Case,1,-0.20346542999076633,0.04139818120132743,1,24
25,MNAR,0.1,Complete Case,0,-0.0763104880597874,0.005823290587922956,1,24
25,MNAR,0.1,Complete Case,1,-0.1336466004090482,0.0178614138008958,1,24
26,MNAR,0.1,Complete Case,0,0.007037438225344417,4.9525536775538776e-05,1,25
26,MNAR,0.1,Complete Case,1,6.017067435565293e-05,3.6205100524140294e-09,1,25
27,MNAR,0.1,Complete Case,0,0.03910154975055913,0.0015289311928954506,1,24
27,MNAR,0.1,Complete Case,1,0.11068149450522669,0.012250393225910525,1,24
28,MNAR,0.1,Complete Case,0,0.018724591569598492,0.00035061032944827894,1,24
28,MNAR,0.1,Complete Case,1,0.07690424525676798,0.00591426293851312,1,24
29,MNAR,0.1,Complete Case,0,-0.11000899605975467,0.01210197921407512,1,24
29,MNAR,0.1,Complete Case,1,0.004210024156795056,1.7724303400797922e-05,1,24
30,MNAR,0.1,Complete Case,0,-0.05853710338527407,0.0034265924727382648,1,24
30,MNAR,0.1,Complete Case,1,-0.011858533241241753,0.00014062481063363563,1,24
31,MNAR,0.1,Complete Case,0,-0.08188777759547694,0.006705608119526295,1,24
31,MNAR,0.1,Complete Case,1,0.040229148522148206,0.0016183843908170591,1,24
32,MNAR,0.1,Complete Case,0,-0.07250207668852882,0.005256551124149313,1,25
32,MNAR,0.1,Complete Case,1,-0.015449797224036332,0.00023869623426384077,1,25
33,MNAR,0.1,Complete Case,0,0.037885255546889374,0.001435292587853112,1,25
33,MNAR,0.1,Complete Case,1,-0.09354041478000039,0.008749809197214515,1,25
34,MNAR,0.1,Complete Case,0,0.09867555246787385,0.009736864654840124,1,24
34,MNAR,0.1,Complete Case,1,-0.02590475317817348,0.0006710562372220889,1,24
35,MNAR,0.1,Complete Case,0,-0.22081168143904173,0.048757798659936846,0,24
35,MNAR,0.1,Complete Case,1,-0.02644987994142528,0.0006995961489158114,1,24
36,MNAR,0.1,Complete Case,0,0.035044103019289174,0.0012280891564265526,1,24
36,MNAR,0.1,Complete Case,1,-0.1418900461668374,0.020132785201227247,1,24
37,MNAR,0.1,Complete Case,0,-0.16487944965723889,0.027185232919273973,1,24
37,MNAR,0.1,Complete Case,1,0.07041757425723782,0.0049586347642736036,1,24
38,MNAR,0.1,Complete Case,0,0.062182347648003566,0.0038666443590171747,1,24
38,MNAR,0.1,Complete Case,1,-0.030438304322261023,0.0009264903700145741,1,24
39,MNAR,0.1,Complete Case,0,-0.22303245942103717,0.04974347795539659,0,25
39,MNAR,0.1,Complete Case,1,-0.17349737025203024,0.030101337484370067,0,25
40,MNAR,0.1,Complete Case,0,-0.02991650604848911,0.0008949973341492855,1,24
40,MNAR,0.1,Complete Case,1,-0.02061198169888173,0.00042485378955503544,1,24
41,MNAR,0.1,Complete Case,0,0.08051415919235871,0.006482529830452481,1,24
41,MNAR,0.1,Complete Case,1,-0.0282410243648622,0.0007975554571767404,1,24
42,MNAR,0.1,Complete Case,0,-0.0821217282051217,0.006743978243395881,1,26
42,MNAR,0.1,Complete Case,1,-0.020559685640265446,0.0004227006736265372,1,26
43,MNAR,0.1,Complete Case,0,0.013029637593889865,0.00016977145582810805,1,24
43,MNAR,0.1,Complete Case,1,-0.05065067273598234,0.0025654906486075844,1,24
44,MNAR,0.1,Complete Case,0,-0.0833786658936978,0.006952001926212885,1,24
44,MNAR,0.1,Complete Case,1,0.01593912285756266,0.00025405563746847644,1,24
45,MNAR,0.1,Complete Case,0,0.0234187780888383,0.0005484391671742528,1,24
45,MNAR,0.1,Complete Case,1,0.0011178287809205378,1.2495411834542958e-06,1,24
46,MNAR,0.1,Complete Case,0,-0.001592467259418917,2.5359519723211964e-06,1,25
46,MNAR,0.1,Complete Case,1,0.07540689054548744,0.0056861991417391225,1,25
47,MNAR,0.1,Complete Case,0,0.027050241139790043,0.0007317155457207897,1,24
47,MNAR,0.1,Complete Case,1,-0.07170959703861421,0.005142266307440428,1,24
48,MNAR,0.1,Complete Case,0,0.019910899651506386,0.0003964439249323571,1,25
48,MNAR,0.1,Complete Case,1,0.0006994196986347956,4.891879148383882e-07,1,25
49,MNAR,0.1,Complete Case,0,0.16006890257394923,0.025622053571228452,1,24
49,MNAR,0.1,Complete Case,1,-0.09048193119335463,0.008186979872478961,1,24
50,MNAR,0.1,Complete Case,0,0.0295698676898708,0.000874377075196465,1,24
50,MNAR,0.1,Complete Case,1,0.03209882820057497,0.001030334771850027,1,24
51,MNAR,0.1,Complete Case,0,-0.1207990531359221,0.01459241123853533,1,24
51,MNAR,0.1,Complete Case,1,0.00012061987869504964,1.454915513640849e-08,1,24
52,MNAR,0.1,Complete Case,0,-0.07338495815695584,0.005385352083698159,1,24
52,MNAR,0.1,Complete Case,1,-0.10163763117146402,0.010330208070146554,1,24
53,MNAR,0.1,Complete Case,0,0.14397492058148853,0.02072877775644593,1,24
53,MNAR,0.1,Complete Case,1,-0.04334146553081197,0.0018784826343585623,1,24
54,MNAR,0.1,Complete Case,0,-0.019633405612369592,0.0003854706159398258,1,24
54,MNAR,0.1,Complete Case,1,-0.054365256295288794,0.002955581092052438,1,24
55,MNAR,0.1,Complete Case,0,0.026503306531105997,0.0007024252570817658,1,24
55,MNAR,0.1,Complete Case,1,0.06214300553314017,0.00386175313669189,1,24
56,MNAR,0.1,Complete Case,0,-0.12701271131070757,0.016132228834497143,1,24
56,MNAR,0.1,Complete Case,1,-0.10819795545289926,0.011706797564187573,1,24
57,MNAR,0.1,Complete Case,0,-0.11743459624676555,0.013790884395640843,1,24
57,MNAR,0.1,Complete Case,1,-0.028359348746794744,0.0008042526613423285,1,24
58,MNAR,0.1,Complete Case,0,0.09761099937772888,0.009527907199518989,1,24
58,MNAR,0.1,Complete Case,1,0.023539376038289817,0.0005541022242720127,1,24
59,MNAR,0.1,Complete Case,0,-0.06700910871794352,0.004490220651173175,1,24
59,MNAR,0.1,Complete Case,1,0.053040551764817145,0.002813300131516247,1,24
60,MNAR,0.1,Complete Case,0,-0.1824251666066382,0.033278941411459706,0,24
60,MNAR,0.1,Complete Case,1,-0.1479144725803414,0.02187869119872057,1,24
61,MNAR,0.1,Complete Case,0,-0.07793203151952172,0.006073401536759726,1,24
61,MNAR,0.1,Complete Case,1,-0.0725283694606711,0.005260364376623607,1,24
62,MNAR,0.1,Complete Case,0,0.027088929823447017,0.0007338101189796372,1,25
62,MNAR,0.1,Complete Case,1,0.03455474786538815,0.0011940306000405468,1,25
63,MNAR,0.1,Complete Case,0,-0.11216014865012264,0.012579898945217606,1,24
63,MNAR,0.1,Complete Case,1,-0.04122651657430643,0.0016996256688515624,1,24
64,MNAR,0.1,Complete Case,0,-0.05356576808296504,0.0028692915103179957,1,25
64,MNAR,0.1,Complete Case,1,-0.16121511750770776,0.02599031411302402,1,25
65,MNAR,0.1,Complete Case,0,0.09242174080530807,0.008541778173483547,1,24
65,MNAR,0.1,Complete Case,1,0.03130652579275628,0.0009800985572125142,1,24
66,MNAR,0.1,Complete Case,0,-0.03375393070543764,0.001139327838067486,1,24
66,MNAR,0.1,Complete Case,1,0.09579695927401005,0.009177057406146341,1,24
67,MNAR,0.1,Complete Case,0,-0.07763368384339636,0.006026988867096421,1,24
67,MNAR,0.1,Complete Case,1,0.010929684054873434,0.0001194579935393546,1,24
68,MNAR,0.1,Complete Case,0,-0.10194708830608973,0.010393208814089658,1,24
68,MNAR,0.1,Complete Case,1,-0.009637855217080604,9.288825318540782e-05,1,24
69,MNAR,0.1,Complete Case,0,-0.05076586857016957,0.0025771734116837304,1,24
69,MNAR,0.1,Complete Case,1,-0.05366752586018447,0.0028802033319535692,1,24
70,MNAR,0.1,Complete Case,0,0.12378061084578795,0.015321639621356398,1,24
70,MNAR,0.1,Complete Case,1,-0.0060582127456403345,3.6701941671439e-05,1,24
71,MNAR,0.1,Complete Case,0,-0.03621500427757396,0.0013115265348247,1,24
71,MNAR,0.1,Complete Case,1,-0.10780936638631494,0.011622859480618693,1,24
72,MNAR,0.1,Complete Case,0,-0.18100268761525873,0.03276197292394693,0,24
72,MNAR,0.1,Complete Case,1,-0.04546454171663089,0.0020670245535032703,1,24
73,MNAR,0.1,Complete Case,0,0.07961913730764181,0.00633920702561312,1,24
73,MNAR,0.1,Complete Case,1,-0.10388648727429275,0.01079240223819179,1,24
74,MNAR,0.1,Complete Case,0,-0.017131537853686818,0.00029348958923230436,1,24
74,MNAR,0.1,Complete Case,1,0.04322562064103724,0.001868454279802865,1,24
75,MNAR,0.1,Complete Case,0,-0.02123257218035296,0.00045082212139389843,1,25
75,MNAR,0.1,Complete Case,1,0.10098862241175188,0.010198701856623395,1,25
76,MNAR,0.1,Complete Case,0,-0.07019103144387812,0.004926780895155487,1,24
76,MNAR,0.1,Complete Case,1,-0.024138545365287256,0.0005826693723520309,1,24
77,MNAR,0.1,Complete Case,0,-0.09271588371705936,0.008596235093435272,1,24
77,MNAR,0.1,Complete Case,1,0.022139843588169006,0.0004901726741085883,1,24
78,MNAR,0.1,Complete Case,0,0.02702271379887078,0.0007302270610556812,1,25
78,MNAR,0.1,Complete Case,1,0.12369162706619713,0.01529961860628319,1,25
79,MNAR,0.1,Complete Case,0,-0.06436828397260991,0.004143275981578549,1,24
79,MNAR,0.1,Complete Case,1,0.044849821060386985,0.002011506449148732,1,24
80,MNAR,0.1,Complete Case,0,-0.014130438734178685,0.00019966929882037733,1,24
80,MNAR,0.1,Complete Case,1,-0.08122137324647583,0.006596911472043339,1,24
81,MNAR,0.1,Complete Case,0,0.05188669972176363,0.0026922296080164657,1,24
81,MNAR,0.1,Complete Case,1,0.16404472103271955,0.02691067049870278,1,24
82,MNAR,0.1,Complete Case,0,0.23537911270062684,0.05540332669573439,0,24
82,MNAR,0.1,Complete Case,1,0.13171212659777232,0.0173480842929076,0,24
83,MNAR,0.1,Complete Case,0,-0.026951638765203234,0.0007263908321300057,1,24
83,MNAR,0.1,Complete Case,1,-0.04424637003918491,0.00195774126164448,1,24
84,MNAR,0.1,Complete Case,0,-0.03174773068503045,0.001007918403649224,1,24
84,MNAR,0.1,Complete Case,1,-0.04645451574553405,0.0021580220331520713,1,24
85,MNAR,0.1,Complete Case,0,0.1715910615884133,0.02944349241703865,1,24
85,MNAR,0.1,Complete Case,1,0.24471431493903578,0.059885095936081593,0,24
86,MNAR,0.1,Complete Case,0,-0.010804830717102643,0.0001167443668252448,1,25
86,MNAR,0.1,Complete Case,1,0.09475075728493842,0.008977706006069312,1,25
87,MNAR,0.1,Complete Case,0,0.058025955406562524,0.0033670115008443825,1,25
87,MNAR,0.1,Complete Case,1,-0.16440642321210752,0.027029471993398606,1,25
88,MNAR,0.1,Complete Case,0,-0.10988441334007049,0.012074584295091461,1,24
88,MNAR,0.1,Complete Case,1,0.07019766572745972,0.0049277122735841734,1,24
89,MNAR,0.1,Complete Case,0,-0.21172902172184443,0.04482917863928927,0,25
89,MNAR,0.1,Complete Case,1,0.05362626646657914,0.0028757764551445505,1,25
90,MNAR,0.1,Complete Case,0,-0.08219983843796608,0.006756813439227726,1,24
90,MNAR,0.1,Complete Case,1,-0.050474596616724154,0.0025476849036210215,1,24
91,MNAR,0.1,Complete Case,0,-0.11132789697689632,0.01239390064529844,1,24
91,MNAR,0.1,Complete Case,1,0.007763492231671554,6.027181163122456e-05,1,24
92,MNAR,0.1,Complete Case,0,-0.008458651297608977,7.154878177454202e-05,1,24
92,MNAR,0.1,Complete Case,1,-0.009179247000055013,8.425857548801895e-05,1,24
93,MNAR,0.1,Complete Case,0,-0.03709305919562084,0.0013758950404898316,1,24
93,MNAR,0.1,Complete Case,1,-0.11396917665804662,0.01298897322811304,1,24
94,MNAR,0.1,Complete Case,0,0.08346641850799641,0.006966643018552005,1,24
94,MNAR,0.1,Complete Case,1,0.0714414265418804,0.005103877426338894,1,24
95,MNAR,0.1,Complete Case,0,0.0854659088770855,0.007304421580186281,1,24
95,MNAR,0.1,Complete Case,1,-0.14528357960456792,0.021107318502716823,1,24
96,MNAR,0.1,Complete Case,0,0.05744727117708859,0.003300188965693953,1,25
96,MNAR,0.1,Complete Case,1,0.02767376229964963,0.0007658371198175091,1,25
97,MNAR,0.1,Complete Case,0,0.004613924755282439,2.1288301647408115e-05,1,25
97,MNAR,0.1,Complete Case,1,-0.02426764386085739,0.0005889185385574094,1,25
98,MNAR,0.1,Complete Case,0,0.09671266571542181,0.009353339709782926,1,25
98,MNAR,0.1,Complete Case,1,-0.08786900888670815,0.007720962722732396,1,25
99,MNAR,0.1,Complete Case,0,-0.08451347522533503,0.007142527494663318,1,24
99,MNAR,0.1,Complete Case,1,0.06480118360007237,0.004199193395970287,1,24
0,MNAR,0.3,Complete Case,0,0.06208802552742099,0.00385492291389368,1,12
0,MNAR,0.3,Complete Case,1,-0.009013303972898845,8.123964850787411e-05,1,12
1,MNAR,0.3,Complete Case,0,-0.09453957915906874,0.008937732027573825,1,15
1,MNAR,0.3,Complete Case,1,-0.3634773771498314,0.13211580369972079,0,15
2,MNAR,0.3,Complete Case,0,0.07462150235842657,0.0055683686142286625,1,13
2,MNAR,0.3,Complete Case,1,-0.19568364220680567,0.03829208782732114,0,13
3,MNAR,0.3,Complete Case,0,0.021335433030873152,0.00045520070261487314,1,14
3,MNAR,0.3,Complete Case,1,-0.0024238267262720603,5.8749359989907336e-06,1,14
4,MNAR,0.3,Complete Case,0,-0.08213102900633945,0.006745505925640172,1,13
4,MNAR,0.3,Complete Case,1,-0.15024282744225745,0.02257290719784395,1,13
5,MNAR,0.3,Complete Case,0,0.06430921907740705,0.004135675658345935,1,14
5,MNAR,0.3,Complete Case,1,0.17080548650137312,0.029174514218970753,1,14
6,MNAR,0.3,Complete Case,0,0.11202709956654966,0.012550071037293631,1,15
6,MNAR,0.3,Complete Case,1,0.050138693992053784,0.0025138886352288102,1,15
7,MNAR,0.3,Complete Case,0,-0.0909611085914312,0.008273923276182139,1,13
7,MNAR,0.3,Complete Case,1,-0.2019783746872721,0.040795263841312074,1,13
8,MNAR,0.3,Complete Case,0,-0.02078897594736201,0.0004321815209399962,1,15
8,MNAR,0.3,Complete Case,1,0.09555398140174165,0.00913056336172439,1,15
9,MNAR,0.3,Complete Case,0,0.01109971604169735,0.00012320369620631347,1,14
9,MNAR,0.3,Complete Case,1,0.12351833267657253,0.015256778507200445,1,14
10,MNAR,0.3,Complete Case,0,-0.14404465860302057,0.020748863672060747,1,15
10,MNAR,0.3,Complete Case,1,-0.036247612090707204,0.0013138893822783832,1,15
11,MNAR,0.3,Complete Case,0,-0.37538613155688433,0.14091474776524246,0,15
11,MNAR,0.3,Complete Case,1,-0.15393194335613333,0.02369504318539584,1,15
12,MNAR,0.3,Complete Case,0,0.05181482838747109,0.00268477644082308,1,13
12,MNAR,0.3,Complete Case,1,0.136155839806827,0.018538412713502334,1,13
13,MNAR,0.3,Complete Case,0,-0.27216725426148736,0.0740750142922371,0,15
13,MNAR,0.3,Complete Case,1,-0.288869366826413,0.08344551109069276,1,15
14,MNAR,0.3,Complete Case,0,-0.3245419096485814,0.10532745111834796,0,15
14,MNAR,0.3,Complete Case,1,-0.1439201830079156,0.020713019077031915,1,15
15,MNAR,0.3,Complete Case,0,0.008565237067092557,7.33632860154963e-05,1,15
15,MNAR,0.3,Complete Case,1,-0.04165222245867051,0.0017349076357465758,1,15
16,MNAR,0.3,Complete Case,0,-0.11812452056802586,0.013953402359425965,1,15
16,MNAR,0.3,Complete Case,1,0.023090027893582277,0.0005331493881264075,1,15
17,MNAR,0.3,Complete Case,0,-0.11270206182078435,0.012701754738655898,1,14
17,MNAR,0.3,Complete Case,1,-0.29479898145412214,0.08690643946638785,0,14
18,MNAR,0.3,Complete Case,0,-0.07937695079755641,0.0063007003179176915,1,14
18,MNAR,0.3,Complete Case,1,-0.21786925038917232,0.047467010265139865,1,14
19,MNAR,0.3,Complete Case,0,-0.00698903447055893,4.8846602830660945e-05,1,13
19,MNAR,0.3,Complete Case,1,0.030899400266111543,0.000954772936805374,1,13
20,MNAR,0.3,Complete Case,0,0.06480826141200391,0.004200110747246635,1,15
20,MNAR,0.3,Complete Case,1,-0.003062005395671641,9.375877043122242e-06,1,15
21,MNAR,0.3,Complete Case,0,-0.14886251240056814,0.022160047598209304,1,15
21,MNAR,0.3,Complete Case,1,-0.1263530181484437,0.015965085195220947,1,15
22,MNAR,0.3,Complete Case,0,0.08069215878872271,0.00651122448998444,1,17
22,MNAR,0.3,Complete Case,1,0.14233299288617135,0.020258680863934904,1,17
23,MNAR,0.3,Complete Case,0,-0.01191867399054708,0.00014205478969294343,1,16
23,MNAR,0.3,Complete Case,1,0.06913063953192783,0.0047790453220933424,1,16
24,MNAR,0.3,Complete Case,0,-0.05295577157630982,0.002804313743242303,1,16
24,MNAR,0.3,Complete Case,1,0.11688029542805445,0.013661003459349286,1,16
25,MNAR,0.3,Complete Case,0,-0.012858615974727317,0.00016534400478551253,1,16
25,MNAR,0.3,Complete Case,1,-0.13450356648750847,0.01809120939785961,1,16
26,MNAR,0.3,Complete Case,0,0.011258224703556419,0.000126747623475768,1,14
26,MNAR,0.3,Complete Case,1,-0.06591380797921828,0.0043446300823212596,1,14
27,MNAR,0.3,Complete Case,0,0.14551219277932137,0.021173798247446387,1,15
27,MNAR,0.3,Complete Case,1,-0.008502506495109474,7.22926166993788e-05,1,15
28,MNAR,0.3,Complete Case,0,0.14818878781519285,0.02195991683413625,1,16
28,MNAR,0.3,Complete Case,1,-0.12038236094206639,0.014491912825985952,1,16
29,MNAR,0.3,Complete Case,0,-0.2024838068093524,0.040999692020007146,1,15
29,MNAR,0.3,Complete Case,1,0.23110186851161013,0.05340807362955754,1,15
30,MNAR,0.3,Complete Case,0,0.061884037783873524,0.003829634132435886,1,15
30,MNAR,0.3,Complete Case,1,-0.058618802479514065,0.003436164004132284,1,15
31,MNAR,0.3,Complete Case,0,-0.16192403621276186,0.026219393503431814,1,17
31,MNAR,0.3,Complete Case,1,-0.18543419584174592,0.03438584098747498,1,17
32,MNAR,0.3,Complete Case,0,-0.11902957572555495,0.014168039897405619,1,15
32,MNAR,0.3,Complete Case,1,-0.18390864092307918,0.03382238820617407,1,15
33,MNAR,0.3,Complete Case,0,0.12356462306009552,0.01526821607198349,1,15
33,MNAR,0.3,Complete Case,1,-0.07508259308800347,0.0056373957848187065,1,15
34,MNAR,0.3,Complete Case,0,-0.08057802031088263,0.006492817357221013,1,15
34,MNAR,0.3,Complete Case,1,-0.14147051635192084,0.0200139069968791,1,15
35,MNAR,0.3,Complete Case,0,0.10063685057144767,0.010127775692939886,1,14
35,MNAR,0.3,Complete Case,1,-0.06342153755004265,0.00402229142521147,1,14
36,MNAR,0.3,Complete Case,0,-0.2359424848313632,0.05566885614839806,0,14
36,MNAR,0.3,Complete Case,1,-0.13562770339055305,0.018394873926995837,1,14
37,MNAR,0.3,Complete Case,0,-0.06640234008310508,0.004409270768512344,1,13
37,MNAR,0.3,Complete Case,1,-0.15265614171598688,0.023303897603611467,1,13
38,MNAR,0.3,Complete Case,0,0.06603981216555743,0.0043612567908621076,1,15
38,MNAR,0.3,Complete Case,1,-0.0075249254631643,5.662450322617846e-05,1,15
39,MNAR,0.3,Complete Case,0,-0.07091940262156776,0.005029561668200033,1,16
39,MNAR,0.3,Complete Case,1,-0.09199116030942478,0.008462373575074289,1,16
40,MNAR,0.3,Complete Case,0,-0.16001362836913546,0.025604361263855794,1,14
40,MNAR,0.3,Complete Case,1,-0.09582582812592175,0.009182589336018695,1,14
41,MNAR,0.3,Complete Case,0,-0.08486265939668358,0.0072016709598775284,1,14
41,MNAR,0.3,Complete Case,1,-0.14397231760722118,0.02072802823719457,1,14
42,MNAR,0.3,Complete Case,0,-0.33380293939870026,0.11142440235121236,0,14
42,MNAR,0.3,Complete Case,1,0.013205678843656143,0.00017438995372178744,1,14
43,MNAR,0.3,Complete Case,0,-0.2001721054895832,0.04006887181613282,0,14
43,MNAR,0.3,Complete Case,1,-0.36515702394371163,0.1333396521354284,0,14
44,MNAR,0.3,Complete Case,0,-0.010040056653478346,0.00010080273760505481,1,14
44,MNAR,0.3,Complete Case,1,-0.1118967082440239,0.012520873315848205,1,14
45,MNAR,0.3,Complete Case,0,-0.1739129787980387,0.030245724194407055,1,15
45,MNAR,0.3,Complete Case,1,-0.16382661734978404,0.026839160552272562,1,15
46,MNAR,0.3,Complete Case,0,-0.07018203253312316,0.004925517690480358,1,14
46,MNAR,0.3,Complete Case,1,-0.013190405306327924,0.00017398679214520384,1,14
47,MNAR,0.3,Complete Case,0,-0.10037935140021115,0.010076014187527071,1,14
47,MNAR,0.3,Complete Case,1,-0.1802634958796147,0.03249492794673987,1,14
48,MNAR,0.3,Complete Case,0,-0.03115580975284693,0.0009706844813555919,1,16
48,MNAR,0.3,Complete Case,1,-0.01739836727936489,0.00030270318398767485,1,16
49,MNAR,0.3,Complete Case,0,-0.0969922917247606,0.009407504654021062,1,15
49,MNAR,0.3,Complete Case,1,0.15023368680725196,0.022570160651699474,0,15
50,MNAR,0.3,Complete Case,0,0.12310909745234833,0.015155849875531797,1,17
50,MNAR,0.3,Complete Case,1,0.11836529464034362,0.014010342975295359,1,17
51,MNAR,0.3,Complete Case,0,0.08497385070576113,0.007220555303764982,1,15
51,MNAR,0.3,Complete Case,1,0.18988970400770588,0.03605809968813415,1,15
52,MNAR,0.3,Complete Case,0,-0.010422238836217679,0.00010862306235916404,1,14
52,MNAR,0.3,Complete Case,1,-0.019590649623494383,0.0003837935526705206,1,14
53,MNAR,0.3,Complete Case,0,0.1059201412455969,0.011219076321487198,1,15
53,MNAR,0.3,Complete Case,1,-0.25319160157941234,0.06410598711034787,1,15
54,MNAR,0.3,Complete Case,0,-0.3397472038961156,0.11542816255522877,0,15
54,MNAR,0.3,Complete Case,1,-0.20638224459969085,0.04259363088600662,1,15
55,MNAR,0.3,Complete Case,0,0.0287286086754881,0.0008253329564293301,1,16
55,MNAR,0.3,Complete Case,1,0.03068110975067334,0.0009413304955328628,1,16
56,MNAR,0.3,Complete Case,0,0.17405287900774324,0.030294404690884107,0,16
56,MNAR,0.3,Complete Case,1,-0.08607359024911584,0.00740866293837269,1,16
57,MNAR,0.3,Complete Case,0,0.029543999373039087,0.000872847898954134,1,15
57,MNAR,0.3,Complete Case,1,0.05389335398458339,0.0029044936037076106,1,15
58,MNAR,0.3,Complete Case,0,-0.08753764215791404,0.007662838794567009,1,16
58,MNAR,0.3,Complete Case,1,0.04534243314641179,0.0020559362436368225,1,16
59,MNAR,0.3,Complete Case,0,0.027296452400281113,0.0007450963136408125,1,14
59,MNAR,0.3,Complete Case,1,-0.018930387388543246,0.0003583595666803172,1,14
60,MNAR,0.3,Complete Case,0,-0.00478735898118593,2.2918806014741583e-05,1,14
60,MNAR,0.3,Complete Case,1,-0.19163737004135453,0.03672488159636705,1,14
61,MNAR,0.3,Complete Case,0,-0.09488916931925978,0.009003954454099152,1,13
61,MNAR,0.3,Complete Case,1,-0.21887117463330347,0.047904591085362026,1,13
62,MNAR,0.3,Complete Case,0,-0.14274225963130205,0.02037535268465004,1,13
62,MNAR,0.3,Complete Case,1,0.060370614870446926,0.0036446111398358277,1,13
63,MNAR,0.3,Complete Case,0,-0.07298608206946972,0.005326968175851369,1,16
63,MNAR,0.3,Complete Case,1,-0.13252830181295408,0.017563750781425448,1,16
64,MNAR,0.3,Complete Case,0,-0.028431774784660635,0.0008083658174056643,1,15
64,MNAR,0.3,Complete Case,1,-0.21924584048800924,0.048068738571293596,1,15
65,MNAR,0.3,Complete Case,0,-0.20505470196322328,0.04204743079722633,0,15
65,MNAR,0.3,Complete Case,1,0.10201958343543938,0.010407995404340576,1,15
66,MNAR,0.3,Complete Case,0,-0.0066886791766118114,4.473842912764046e-05,1,15
66,MNAR,0.3,Complete Case,1,0.035413092347805375,0.0012540871096341916,1,15
67,MNAR,0.3,Complete Case,0,0.006705749760995028,4.496707985708487e-05,1,15
67,MNAR,0.3,Complete Case,1,-0.11382641685015996,0.01295645317294638,1,15
68,MNAR,0.3,Complete Case,0,-0.19542889753920545,0.03819245399338926,1,15
68,MNAR,0.3,Complete Case,1,-0.3240314363638143,0.10499637175199665,0,15
69,MNAR,0.3,Complete Case,0,-0.03628998662671751,0.0013169631293673356,1,17
69,MNAR,0.3,Complete Case,1,0.03518423870065679,0.001237930652944795,1,17
70,MNAR,0.3,Complete Case,0,0.006589550892243223,4.342218096146346e-05,1,14
70,MNAR,0.3,Complete Case,1,-0.06674764617618209,0.004455248270060796,1,14
71,MNAR,0.3,Complete Case,0,-0.057736813707104706,0.003333539657048914,1,15
71,MNAR,0.3,Complete Case,1,0.07290795449402476,0.0053155698285027855,1,15
72,MNAR,0.3,Complete Case,0,-0.06684002350549934,0.004467588742215704,1,15
72,MNAR,0.3,Complete Case,1,-0.015399561378043436,0.00023714649063612706,1,15
73,MNAR,0.3,Complete Case,0,-0.20501146476277998,0.042029700684180576,1,16
73,MNAR,0.3,Complete Case,1,-0.046346934371009674,0.002148038325590678,1,16
74,MNAR,0.3,Complete Case,0,-0.25654517817745737,0.06581542844610334,0,14
74,MNAR,0.3,Complete Case,1,-0.20555404521319628,0.042252465503508745,1,14
75,MNAR,0.3,Complete Case,0,0.05269179309869687,0.002776425059955879,1,14
75,MNAR,0.3,Complete Case,1,0.051038781937757516,0.002604957261689963,1,14
76,MNAR,0.3,Complete Case,0,0.053012444100009715,0.002810319229456655,1,14
76,MNAR,0.3,Complete Case,1,-0.18662760938628015,0.034829864585237964,1,14
77,MNAR,0.3,Complete Case,0,-0.20085524597730076,0.04034282983660199,0,16
77,MNAR,0.3,Complete Case,1,-0.175637708732105,0.03084860472866375,1,16
78,MNAR,0.3,Complete Case,0,0.052906301672333345,0.002799076756643942,1,15
78,MNAR,0.3,Complete Case,1,-0.07312903003332663,0.005347855033615188,1,15
79,MNAR,0.3,Complete Case,0,0.05459138598037638,0.0029802194232584353,1,16
79,MNAR,0.3,Complete Case,1,-0.007275800431777446,5.293727192305287e-05,1,16
80,MNAR,0.3,Complete Case,0,-0.1399825397509067,0.019595111435114172,1,14
80,MNAR,0.3,Complete Case,1,0.12013241059804142,0.014431796076096414,1,14
81,MNAR,0.3,Complete Case,0,-0.12505578823617725,0.015638950171371607,1,15
81,MNAR,0.3,Complete Case,1,-0.38457194840858266,0.14789558350277357,0,15
82,MNAR,0.3,Complete Case,0,-0.05761938471866829,0.0033199934953579047,1,16
82,MNAR,0.3,Complete Case,1,-0.14767082701880782,0.021806673152418663,1,16
83,MNAR,0.3,Complete Case,0,-0.36515580303347106,0.1333387604890191,0,14
83,MNAR,0.3,Complete Case,1,-0.12141163218538101,0.014740784429918245,1,14
84,MNAR,0.3,Complete Case,0,-0.3239246331630108,0.10492716796979111,0,14
84,MNAR,0.3,Complete Case,1,-0.23686052497056112,0.05610290828932981,0,14
85,MNAR,0.3,Complete Case,0,-0.06560938825491014,0.00430459182718354,1,15
85,MNAR,0.3,Complete Case,1,0.17754571416249382,0.031522480617469956,1,15
86,MNAR,0.3,Complete Case,0,0.17913519694108893,0.032089418783122714,1,14
86,MNAR,0.3,Complete Case,1,-0.005834544133166697,3.404190524186992e-05,1,14
87,MNAR,0.3,Complete Case,0,-0.1681418228125955,0.028271672578742257,1,16
87,MNAR,0.3,Complete Case,1,-0.21945348454924057,0.04815983188080377,1,16
88,MNAR,0.3,Complete Case,0,-0.23700381757752265,0.05617080954631963,1,13
88,MNAR,0.3,Complete Case,1,-0.18527700672047745,0.034327569219299844,1,13
89,MNAR,0.3,Complete Case,0,-0.23072032505738443,0.05323186839458514,0,14
89,MNAR,0.3,Complete Case,1,-0.05708087306306267,0.0032582260696414735,1,14
90,MNAR,0.3,Complete Case,0,-0.12941547677853177,0.016748365629814695,1,16
90,MNAR,0.3,Complete Case,1,-0.16709113255228772,0.027919446577606186,1,16
91,MNAR,0.3,Complete Case,0,-0.06206016640297307,0.0038514642539647075,1,14
91,MNAR,0.3,Complete Case,1,-0.12237502232082079,0.014975646088021386,1,14
92,MNAR,0.3,Complete Case,0,-0.20301663562696848,0.041215754341293286,1,16
92,MNAR,0.3,Complete Case,1,0.0661756807516154,0.004379220722939721,1,16
93,MNAR,0.3,Complete Case,0,0.2149396799725487,0.04619906602670165,0,15
93,MNAR,0.3,Complete Case,1,0.10958020340693914,0.012007820978706155,1,15
94,MNAR,0.3,Complete Case,0,-0.2097431149860628,0.04399217428405676,1,15
94,MNAR,0.3,Complete Case,1,-0.2613227884161925,0.06828959974561412,0,15
95,MNAR,0.3,Complete Case,0,-0.09362840574503395,0.008766278362356706,1,14
95,MNAR,0.3,Complete Case,1,-0.11598473728592196,0.013452459283284335,1,14
96,MNAR,0.3,Complete Case,0,0.06889309304215585,0.0047462582689151425,1,13
96,MNAR,0.3,Complete Case,1,0.0668416567034828,0.004467807070866247,1,13
97,MNAR,0.3,Complete Case,0,0.08390730031950722,0.007040435046907976,1,14
97,MNAR,0.3,Complete Case,1,-0.030144670873177737,0.0009087011820522103,1,14
98,MNAR,0.3,Complete Case,0,-0.24818261027719474,0.06159460804400193,0,14
98,MNAR,0.3,Complete Case,1,0.19451920234356396,0.03783772008037638,1,14
99,MNAR,0.3,Complete Case,0,-0.07622522495168038,0.005810284918934277,1,14
99,MNAR,0.3,Complete Case,1,-0.14425930615559204,0.020810747412492836,1,14
